model,search_type,mean_fit_time,std_fit_time,mean_score_time,std_score_time,param_model__C,param_model__class_weight,params,split0_test_accuracy,split1_test_accuracy,split2_test_accuracy,split3_test_accuracy,split4_test_accuracy,mean_test_accuracy,std_test_accuracy,rank_test_accuracy,split0_test_precision,split1_test_precision,split2_test_precision,split3_test_precision,split4_test_precision,mean_test_precision,std_test_precision,rank_test_precision,split0_test_recall,split1_test_recall,split2_test_recall,split3_test_recall,split4_test_recall,mean_test_recall,std_test_recall,rank_test_recall,split0_test_f1,split1_test_f1,split2_test_f1,split3_test_f1,split4_test_f1,mean_test_f1,std_test_f1,rank_test_f1,split0_test_roc_auc,split1_test_roc_auc,split2_test_roc_auc,split3_test_roc_auc,split4_test_roc_auc,mean_test_roc_auc,std_test_roc_auc,rank_test_roc_auc,split0_test_average_precision,split1_test_average_precision,split2_test_average_precision,split3_test_average_precision,split4_test_average_precision,mean_test_average_precision,std_test_average_precision,rank_test_average_precision,split0_test_balanced_accuracy,split1_test_balanced_accuracy,split2_test_balanced_accuracy,split3_test_balanced_accuracy,split4_test_balanced_accuracy,mean_test_balanced_accuracy,std_test_balanced_accuracy,rank_test_balanced_accuracy,best_params,param_model__n_estimators,param_model__min_samples_leaf,param_model__max_depth,param_model__learning_rate
logistic_regression,grid,0.019947147369384764,0.0013675577187840142,0.02134542465209961,0.0020468351206063672,0.01,balanced,"{'model__C': 0.01, 'model__class_weight': 'balanced'}",0.6751269035532995,0.7106598984771574,0.6954314720812182,0.712468193384224,0.7251908396946565,0.7037754614381112,0.01715773595303192,6,0.3237410071942446,0.38028169014084506,0.35507246376811596,0.37857142857142856,0.38016528925619836,0.3635663757861665,0.022082951778703192,6,0.569620253164557,0.675,0.6125,0.6708860759493671,0.5822784810126582,0.6220569620253165,0.04384180458779613,1,0.41284403669724773,0.4864864864864865,0.44954128440366975,0.4840182648401826,0.46,0.45857801448551727,0.026837922442880833,1,0.6942334739803095,0.7345143312101912,0.7036624203821656,0.720672417963396,0.7102313956300894,0.7126628078332303,0.013915473503725236,1,0.4492400960300613,0.5014180389994924,0.42910723440938003,0.4051722930525167,0.4270515812793564,0.4423978487541613,0.03264380356743329,2,0.6356037773759293,0.6973726114649681,0.6645302547770701,0.6969080061275498,0.6717124889139725,0.673225427731898,0.022966212547099497,1,"{'model__C': 0.01, 'model__class_weight': None}",,,,
logistic_regression,grid,0.017891073226928712,0.003312202383563404,0.019048213958740234,0.0033143187359216822,0.01,,"{'model__C': 0.01, 'model__class_weight': None}",0.8121827411167513,0.8248730964467005,0.8020304568527918,0.8015267175572519,0.811704834605598,0.8104635693158186,0.008521918428440956,1,0.6470588235294118,0.7894736842105263,0.55,0.5217391304347826,0.7272727272727273,0.6471088730894896,0.10182503726885286,1,0.13924050632911392,0.1875,0.1375,0.1518987341772152,0.10126582278481013,0.14348101265822782,0.027728706946268396,8,0.22916666666666666,0.30303030303030304,0.22,0.23529411764705882,0.17777777777777778,0.23305377302436128,0.040355123918057324,8,0.6865983524211373,0.7357882165605096,0.7007563694267516,0.7204305409981456,0.7170845763121825,0.7121316111437453,0.016937428999987948,2,0.44628942687051665,0.5038494637249917,0.4261846905452473,0.40363342545028386,0.43467304605461926,0.4429260105291317,0.03351199838384011,1,0.5600964436407474,0.5873805732484076,0.5544187898089172,0.5584334435217286,0.5458558413287108,0.5612370183097023,0.013969361132205213,8,"{'model__C': 0.01, 'model__class_weight': None}",,,,
logistic_regression,grid,0.020059680938720702,0.002464478890148474,0.020414447784423827,0.0026527001040756843,0.1,balanced,"{'model__C': 0.1, 'model__class_weight': 'balanced'}",0.6852791878172588,0.700507614213198,0.6954314720812182,0.7099236641221374,0.7404580152671756,0.7063199907001975,0.01883321601622388,5,0.3357664233576642,0.3680555555555556,0.35074626865671643,0.37410071942446044,0.4,0.3657337933988793,0.021781818613442132,5,0.5822784810126582,0.6625,0.5875,0.6582278481012658,0.5822784810126582,0.6145569620253164,0.03747415388747018,2,0.42592592592592593,0.4732142857142857,0.4392523364485981,0.47706422018348627,0.4742268041237113,0.4579367144792014,0.021158588063146824,2,0.6991762105686157,0.7307722929936306,0.7054140127388535,0.7166411352092237,0.6931790695799402,0.7090365442180526,0.013357252673154178,4,0.4404701201417361,0.4977110373631536,0.4296033524520615,0.4023341886896679,0.4065045890738471,0.4353246575440933,0.034264374753065,3,0.6466947960618847,0.6863455414012738,0.6552149681528663,0.6905788922034991,0.6812666290413609,0.6720201653721769,0.017657456298361983,2,"{'model__C': 0.01, 'model__class_weight': None}",,,,
logistic_regression,grid,0.019394063949584962,0.0040196929580764975,0.021915531158447264,0.0031961966482836708,0.1,,"{'model__C': 0.1, 'model__class_weight': None}",0.799492385786802,0.8248730964467005,0.8096446700507615,0.8091603053435115,0.7989821882951654,0.8084305291845884,0.009397087659655601,2,0.5,0.7037037037037037,0.5862068965517241,0.5666666666666667,0.5,0.5713154533844189,0.07475533814117129,2,0.16455696202531644,0.2375,0.2125,0.21518987341772153,0.11392405063291139,0.18873417721518987,0.044325876053775026,7,0.24761904761904763,0.35514018691588783,0.3119266055045872,0.3119266055045872,0.18556701030927836,0.28243589117067763,0.05936516109283988,6,0.6978099256580269,0.7323646496815287,0.7046178343949044,0.7177295815528502,0.6970491010239458,0.7099142184622512,0.01345495148523425,3,0.43961091017859677,0.49916394487683724,0.4240840425441703,0.40222219373861473,0.40522047798003097,0.43406031386365,0.035253992417548584,4,0.5616435603777377,0.6060111464968153,0.5871417197452229,0.5868942997661856,0.5426308151253729,0.5768643083022669,0.02217822046038761,6,"{'model__C': 0.01, 'model__class_weight': None}",,,,
logistic_regression,grid,0.016759252548217772,0.0025758622072818062,0.014056634902954102,0.0015144755117175305,1.0,balanced,"{'model__C': 1, 'model__class_weight': 'balanced'}",0.6776649746192893,0.6878172588832487,0.6903553299492385,0.7150127226463104,0.732824427480916,0.7007349427158006,0.02020107114481924,7,0.32608695652173914,0.35570469798657717,0.34558823529411764,0.3795620437956204,0.3898305084745763,0.3593544884145261,0.023007357373506745,7,0.569620253164557,0.6625,0.5875,0.6582278481012658,0.5822784810126582,0.6120253164556961,0.03991722026446785,3,0.4147465437788018,0.462882096069869,0.4351851851851852,0.48148148148148145,0.467005076142132,0.4522600765314938,0.024012287995599447,3,0.6965641952983725,0.7297372611464967,0.7041799363057324,0.7132951705232605,0.6889059098605176,0.706536494626876,0.01414067118062148,6,0.41681211904663246,0.49379626752405154,0.429677000003182,0.4013508587468353,0.4093823000033695,0.4302037090648142,0.03313500760168283,7,0.6371910789632309,0.6783837579617834,0.65203025477707,0.6937636055792953,0.6764895589776667,0.6675716512518093,0.02023345436733166,3,"{'model__C': 0.01, 'model__class_weight': None}",,,,
logistic_regression,grid,0.016843128204345702,0.0011679025577923969,0.01662745475769043,0.0021716973483184077,1.0,,"{'model__C': 1, 'model__class_weight': None}",0.799492385786802,0.8197969543147208,0.8096446700507615,0.8091603053435115,0.8015267175572519,0.8079242066106096,0.007175981342847599,3,0.5,0.68,0.5806451612903226,0.5666666666666667,0.5263157894736842,0.5707255234861346,0.061692963776545734,3,0.17721518987341772,0.2125,0.225,0.21518987341772153,0.12658227848101267,0.19129746835443037,0.03617353003172259,5,0.2616822429906542,0.3238095238095238,0.32432432432432434,0.3119266055045872,0.20408163265306123,0.28516486585643014,0.046624001904972186,5,0.6952380952380952,0.7319665605095542,0.7021894904458598,0.7130129807304685,0.6935015722002743,0.7071817398248503,0.014163409850636497,5,0.429003833231914,0.50276189490263,0.4195140929673572,0.3983548148819118,0.4084525925673536,0.4316174457102333,0.03703476150712251,5,0.5663853727144866,0.5935111464968152,0.5917993630573248,0.5868942997661856,0.5489599290494236,0.5775100222168471,0.017246167988398352,5,"{'model__C': 0.01, 'model__class_weight': None}",,,,
logistic_regression,grid,0.018499088287353516,0.0038505457505412168,0.018451976776123046,0.0037773882395056853,10.0,balanced,"{'model__C': 10, 'model__class_weight': 'balanced'}",0.6776649746192893,0.6878172588832487,0.6852791878172588,0.7150127226463104,0.7353689567430025,0.700228620141822,0.02163357787187087,8,0.32608695652173914,0.35570469798657717,0.34057971014492755,0.3795620437956204,0.39316239316239315,0.35901916032225145,0.024589833024043245,8,0.569620253164557,0.6625,0.5875,0.6582278481012658,0.5822784810126582,0.6120253164556961,0.03991722026446785,3,0.4147465437788018,0.462882096069869,0.43119266055045874,0.48148148148148145,0.46938775510204084,0.45193810739653034,0.024942566085415847,4,0.6963632710468154,0.7296576433121018,0.7044984076433121,0.7129726679029267,0.6877771506893494,0.7062538281189011,0.01438870114165211,8,0.41636844729238,0.493948958666263,0.4307704313926265,0.40242699741463006,0.4086420684566422,0.43043138064450837,0.03314025761315706,6,0.6371910789632309,0.6783837579617834,0.6488455414012739,0.6937636055792953,0.6780819156655649,0.6672531799142297,0.020911838866056673,4,"{'model__C': 0.01, 'model__class_weight': None}",,,,
logistic_regression,grid,0.02068929672241211,0.002067643069353345,0.022504091262817383,0.001847315246308445,10.0,,"{'model__C': 10, 'model__class_weight': None}",0.799492385786802,0.8147208121827412,0.8096446700507615,0.806615776081425,0.8040712468193384,0.8069089781842138,0.005131340759896316,4,0.5,0.64,0.5806451612903226,0.5517241379310345,0.55,0.5644738598442715,0.045814049085748924,4,0.17721518987341772,0.2,0.225,0.20253164556962025,0.13924050632911392,0.18879746835443037,0.02903373657174387,6,0.2616822429906542,0.3047619047619048,0.32432432432432434,0.2962962962962963,0.2222222222222222,0.2818573981190804,0.03605531615490317,7,0.6947960618846695,0.7313694267515923,0.7010748407643311,0.7116423445940498,0.6935821978553575,0.7064929743700001,0.01398725119862632,7,0.42407346024291187,0.49924658095978947,0.4173837072325771,0.3983843386039149,0.40656934029158065,0.42913148546615487,0.03615012576385454,8,0.5663853727144866,0.5856687898089172,0.5917993630573248,0.580565185842135,0.5552890429734741,0.5759415508792676,0.01330649471840559,7,"{'model__C': 0.01, 'model__class_weight': None}",,,,
random_forest,randomized,0.9227047443389893,0.019665831920756195,0.5827740669250489,0.05847237375640958,,balanced_subsample,"{'model__n_estimators': 400, 'model__min_samples_leaf': 3, 'model__max_depth': None, 'model__class_weight': 'balanced_subsample'}",0.7868020304568528,0.8045685279187818,0.7791878172588832,0.7837150127226463,0.811704834605598,0.7931956445925523,0.012640510267151695,10,0.45901639344262296,0.5263157894736842,0.4444444444444444,0.45,0.5714285714285714,0.49024103975786454,0.05016861733484031,8,0.35443037974683544,0.375,0.35,0.34177215189873417,0.25316455696202533,0.334873417721519,0.04229742621082572,9,0.4,0.43795620437956206,0.3916083916083916,0.38848920863309355,0.3508771929824561,0.3937861995207007,0.02779778569416565,9,0.7052843078159534,0.7275477707006369,0.7260748407643313,0.7250262033379021,0.7243408852696926,0.7216548015777032,0.008256370787794242,7,0.43120327616159027,0.5073331976430251,0.470729944466879,0.43819649165613545,0.4439931963181568,0.45829122124915733,0.027935016475080166,1,0.6248342374924654,0.6445063694267517,0.6192675159235669,0.6183383052487301,0.6026969281625414,0.6219286712508112,0.013476106173716052,9,"{'model__n_estimators': 400, 'model__min_samples_leaf': 3, 'model__max_depth': None, 'model__class_weight': 'balanced_subsample'}",400.0,3.0,,
random_forest,randomized,0.4892604827880859,0.005642868924464696,0.45125641822814944,0.017588763441533217,,balanced_subsample,"{'model__n_estimators': 200, 'model__min_samples_leaf': 5, 'model__max_depth': 10, 'model__class_weight': 'balanced_subsample'}",0.7842639593908629,0.7969543147208121,0.7614213197969543,0.7837150127226463,0.8193384223918575,0.7891386058046266,0.01894486585317595,11,0.4625,0.5,0.4125,0.4625,0.5740740740740741,0.48231481481481475,0.05365051644627467,11,0.46835443037974683,0.4625,0.4125,0.46835443037974683,0.3924050632911392,0.4408227848101266,0.032038541072968385,4,0.46540880503144655,0.4805194805194805,0.4125,0.46540880503144655,0.46616541353383456,0.45800050082324156,0.023468411807276813,4,0.70042194092827,0.7421576433121019,0.7332006369426751,0.7328065790534548,0.7144642425219705,0.7246102085516944,0.015079133485132115,3,0.402125831425788,0.5301475840484866,0.47499886444984407,0.4415608225732668,0.4310572557853997,0.455978071656557,0.043799258075058696,3,0.6659232469359052,0.6723328025477707,0.6314092356687898,0.6657058776102556,0.6595783278239136,0.658989898117327,0.014368354085623132,4,"{'model__n_estimators': 400, 'model__min_samples_leaf': 3, 'model__max_depth': None, 'model__class_weight': 'balanced_subsample'}",200.0,5.0,10,
random_forest,randomized,0.47054214477539064,0.002348306393511776,0.39832367897033694,0.05314131071013582,,balanced_subsample,"{'model__n_estimators': 200, 'model__min_samples_leaf': 3, 'model__max_depth': None, 'model__class_weight': 'balanced_subsample'}",0.7969543147208121,0.8071065989847716,0.7842639593908629,0.7837150127226463,0.806615776081425,0.7957311323801036,0.01024944946818857,5,0.4918032786885246,0.5370370370370371,0.45901639344262296,0.45161290322580644,0.5405405405405406,0.49600203058690634,0.03747935998280908,5,0.379746835443038,0.3625,0.35,0.35443037974683544,0.25316455696202533,0.3399683544303798,0.04457507363485736,7,0.42857142857142855,0.43283582089552236,0.3971631205673759,0.3971631205673759,0.3448275862068966,0.4001122153617199,0.03147870936568384,7,0.7002210166767129,0.7254777070063695,0.7265127388535032,0.7280899782310731,0.7275255986454889,0.7215654078826296,0.010709426653949857,9,0.42191878709027797,0.507170700874829,0.45046895400913384,0.43950621680732377,0.44075040574938035,0.451963012906189,0.029098697070520724,7,0.6406670685151699,0.6414410828025477,0.6224522292993631,0.6230750624848826,0.5995122147867451,0.6254295315777416,0.015327540362073865,7,"{'model__n_estimators': 400, 'model__min_samples_leaf': 3, 'model__max_depth': None, 'model__class_weight': 'balanced_subsample'}",200.0,3.0,,
random_forest,randomized,1.5256553173065186,0.0755007421681507,0.5092981338500977,0.06869067230589375,,balanced_subsample,"{'model__n_estimators': 400, 'model__min_samples_leaf': 1, 'model__max_depth': 20, 'model__class_weight': 'balanced_subsample'}",0.8071065989847716,0.8324873096446701,0.7944162436548223,0.8015267175572519,0.7938931297709924,0.8058859999225018,0.014166913051589305,1,0.5454545454545454,0.8181818181818182,0.4827586206896552,0.5185185185185185,0.4166666666666667,0.5563160339022408,0.1378643912579776,1,0.22784810126582278,0.225,0.175,0.17721518987341772,0.06329113924050633,0.17367088607594938,0.05961185406720104,14,0.32142857142857145,0.35294117647058826,0.25688073394495414,0.2641509433962264,0.10989010989010989,0.26105830702609,0.08362520058366245,13,0.703194695599759,0.7412420382165605,0.7224522292993629,0.7286543578166573,0.7125292267999678,0.7216145095464614,0.013094525788757777,8,0.40712329975113304,0.5156776133115442,0.4639840337087876,0.4393364312284324,0.42985200601066015,0.4511946768021115,0.03704060099602416,8,0.5901145268233876,0.6061305732484077,0.5636146496815286,0.5679069579940337,0.5204990728049665,0.5696531561104649,0.0289996769839429,13,"{'model__n_estimators': 400, 'model__min_samples_leaf': 3, 'model__max_depth': None, 'model__class_weight': 'balanced_subsample'}",400.0,1.0,20,
random_forest,randomized,0.8046746253967285,0.08651536314394037,0.4760882377624512,0.021677559088929543,,balanced_subsample,"{'model__n_estimators': 200, 'model__min_samples_leaf': 1, 'model__max_depth': None, 'model__class_weight': 'balanced_subsample'}",0.8121827411167513,0.8121827411167513,0.8020304568527918,0.7989821882951654,0.7964376590330788,0.8043631572829077,0.006625732015721166,3,0.5714285714285714,0.6363636363636364,0.5384615384615384,0.5,0.46153846153846156,0.5415584415584416,0.060033560108434955,3,0.25316455696202533,0.175,0.175,0.189873417721519,0.0759493670886076,0.17379746835443038,0.056806186261960816,13,0.3508771929824561,0.27450980392156865,0.2641509433962264,0.27522935779816515,0.13043478260869565,0.2590404161414224,0.0714155498977413,15,0.7127988748241912,0.7356289808917198,0.7343351910828025,0.7299242118842215,0.7205716358945417,0.7266517789154954,0.008708672531535221,1,0.4139240825592674,0.5041092937036943,0.45198373587415963,0.4281173593883978,0.4223229882186426,0.4440914919488323,0.032568504100280705,15,0.6027727546714888,0.5747611464968153,0.568391719745223,0.5710513585422882,0.5268281867290172,0.5687610332369665,0.02431684252854048,15,"{'model__n_estimators': 400, 'model__min_samples_leaf': 3, 'model__max_depth': None, 'model__class_weight': 'balanced_subsample'}",200.0,1.0,,
random_forest,randomized,1.6236225605010985,0.04178371619336282,0.5205521583557129,0.030498487261247723,,balanced_subsample,"{'model__n_estimators': 400, 'model__min_samples_leaf': 1, 'model__max_depth': 10, 'model__class_weight': 'balanced_subsample'}",0.7944162436548223,0.8147208121827412,0.7918781725888325,0.7760814249363868,0.7989821882951654,0.7952157683315897,0.012430080749486228,7,0.48,0.5686274509803921,0.4807692307692308,0.41509433962264153,0.5,0.4888982042744529,0.049137096649536964,9,0.3037974683544304,0.3625,0.3125,0.27848101265822783,0.17721518987341772,0.28689873417721523,0.06125011240666055,11,0.37209302325581395,0.44274809160305345,0.3787878787878788,0.3333333333333333,0.2616822429906542,0.35772891399414675,0.059494832651232794,11,0.7095840867992768,0.7428742038216561,0.7162818471337581,0.7243005724421511,0.7024913327420785,0.7191064085877841,0.013903962984957077,10,0.3926022163238502,0.5342037151042088,0.4471142477111097,0.44347515024403045,0.424025296073677,0.4482841250913753,0.04710761413921441,11,0.6106288929073739,0.6462181528662421,0.6132563694267517,0.5898774490042732,0.5663146013061356,0.6052590931021553,0.02654695527446513,11,"{'model__n_estimators': 400, 'model__min_samples_leaf': 3, 'model__max_depth': None, 'model__class_weight': 'balanced_subsample'}",400.0,1.0,10,
random_forest,randomized,0.6786863327026367,0.14685790443021804,0.4962149620056152,0.0625796409226922,,balanced,"{'model__n_estimators': 200, 'model__min_samples_leaf': 1, 'model__max_depth': 10, 'model__class_weight': 'balanced'}",0.7918781725888325,0.8071065989847716,0.7868020304568528,0.7862595419847328,0.8015267175572519,0.7947146123144883,0.008271743077817846,8,0.47058823529411764,0.5384615384615384,0.46153846153846156,0.4489795918367347,0.5172413793103449,0.48736184128823945,0.03442488552289497,10,0.3037974683544304,0.35,0.3,0.27848101265822783,0.189873417721519,0.28443037974683544,0.052712970571423,12,0.36923076923076925,0.42424242424242425,0.36363636363636365,0.34375,0.2777777777777778,0.355727466977467,0.047241513414895,12,0.7058870805706249,0.7350716560509553,0.7210987261146496,0.7233330645811497,0.6963234701281948,0.7163427994891147,0.01365538954700192,15,0.3754716991287538,0.5208594305704255,0.4477354218930465,0.4397082568868197,0.4239973304930343,0.441554427794416,0.046917108167319845,16,0.6090415913200723,0.6367834394904459,0.6054140127388535,0.5962468757558655,0.5726437152301862,0.6040259269070847,0.020714705641046816,12,"{'model__n_estimators': 400, 'model__min_samples_leaf': 3, 'model__max_depth': None, 'model__class_weight': 'balanced_subsample'}",200.0,1.0,10,
random_forest,randomized,1.2196428775787354,0.07561212069344259,0.5312281131744385,0.07358949692963578,,balanced,"{'model__n_estimators': 400, 'model__min_samples_leaf': 1, 'model__max_depth': 20, 'model__class_weight': 'balanced'}",0.8045685279187818,0.8248730964467005,0.7918781725888325,0.7989821882951654,0.7964376590330788,0.8033479288565119,0.011516853132502164,4,0.5294117647058824,0.7894736842105263,0.4642857142857143,0.5,0.46153846153846156,0.548941924948117,0.1228318409943482,2,0.22784810126582278,0.1875,0.1625,0.16455696202531644,0.0759493670886076,0.16367088607594935,0.049766982263685956,16,0.3185840707964602,0.30303030303030304,0.24074074074074073,0.24761904761904763,0.13043478260869565,0.24808178895904942,0.06615864896536493,16,0.7034358047016276,0.7362858280254778,0.7253582802547771,0.7351648794646457,0.7100701443199225,0.7220629873532902,0.013233351401304353,6,0.3949857816068708,0.5172108603513371,0.4472109795181795,0.42663736410350067,0.43803236842220405,0.4448154708004184,0.04026483045122519,13,0.588527225236086,0.5873805732484076,0.5573646496815287,0.561577844069983,0.5268281867290172,0.5643356957930046,0.022712599762817167,16,"{'model__n_estimators': 400, 'model__min_samples_leaf': 3, 'model__max_depth': None, 'model__class_weight': 'balanced_subsample'}",400.0,1.0,20,
random_forest,randomized,0.7197929382324219,0.0920834702388301,0.46680221557617185,0.09293952640494148,,balanced,"{'model__n_estimators': 200, 'model__min_samples_leaf': 5, 'model__max_depth': None, 'model__class_weight': 'balanced'}",0.7817258883248731,0.7944162436548223,0.7741116751269036,0.7811704834605598,0.8142493638676844,0.7891347308869687,0.01416087254671872,12,0.4533333333333333,0.4931506849315068,0.44155844155844154,0.4567901234567901,0.56,0.4809665166560144,0.04311805338280919,12,0.43037974683544306,0.45,0.425,0.46835443037974683,0.35443037974683544,0.42563291139240506,0.03875981611950306,5,0.44155844155844154,0.47058823529411764,0.43312101910828027,0.4625,0.43410852713178294,0.4483752446185244,0.01533378685820531,5,0.6923046011653607,0.7357882165605095,0.7386942675159235,0.7363137950495848,0.7168023865193905,0.7239806533621539,0.017680017939308193,4,0.40399037816150835,0.5243042204611071,0.47302776825666537,0.4363023678031231,0.43514418095645435,0.4545537831277716,0.04116531640669876,4,0.6501105083383565,0.6660828025477707,0.6440286624203821,0.6641135209223575,0.6421833427396597,0.6533037673937054,0.010000428300488794,5,"{'model__n_estimators': 400, 'model__min_samples_leaf': 3, 'model__max_depth': None, 'model__class_weight': 'balanced_subsample'}",200.0,5.0,,
random_forest,randomized,1.500464963912964,0.07787874508558572,0.4804840564727783,0.04445501134556159,,balanced_subsample,"{'model__n_estimators': 400, 'model__min_samples_leaf': 1, 'model__max_depth': None, 'model__class_weight': 'balanced_subsample'}",0.8045685279187818,0.8299492385786802,0.799492385786802,0.7964376590330788,0.7938931297709924,0.8048681882176669,0.01303513609842428,2,0.5294117647058824,0.76,0.5185185185185185,0.48148148148148145,0.4166666666666667,0.5412156862745098,0.11627699981372581,4,0.22784810126582278,0.2375,0.175,0.16455696202531644,0.06329113924050633,0.17363924050632912,0.062093220386333976,15,0.3185840707964602,0.3619047619047619,0.2616822429906542,0.24528301886792453,0.10989010989010989,0.2594688408899821,0.0855191929146608,14,0.6982921438617641,0.740843949044586,0.7253184713375797,0.7292388938160123,0.7186366201725388,0.7224660156464962,0.014076911343856342,5,0.41147955076652065,0.528424251789095,0.4566695504263343,0.43508092238911833,0.4332686051378363,0.45298457610178094,0.04034018135550307,5,0.588527225236086,0.6091958598726115,0.5667993630573248,0.559985487382085,0.5204990728049665,0.5690014016706149,0.029784102625279824,14,"{'model__n_estimators': 400, 'model__min_samples_leaf': 3, 'model__max_depth': None, 'model__class_weight': 'balanced_subsample'}",400.0,1.0,,
random_forest,randomized,0.7026741027832031,0.081088665695969,0.42789173126220703,0.058064814571617725,,balanced,"{'model__n_estimators': 200, 'model__min_samples_leaf': 3, 'model__max_depth': 5, 'model__class_weight': 'balanced'}",0.766497461928934,0.7944162436548223,0.7690355329949239,0.7811704834605598,0.8091603053435115,0.7840560054765504,0.015998773011143275,15,0.42696629213483145,0.49382716049382713,0.43820224719101125,0.46601941747572817,0.5285714285714286,0.4707173091733653,0.03707995494442879,15,0.4810126582278481,0.5,0.4875,0.6075949367088608,0.46835443037974683,0.508892405063291,0.050397435034926774,1,0.4523809523809524,0.4968944099378882,0.46153846153846156,0.5274725274725275,0.4966442953020134,0.48698612932636853,0.027113482612184894,2,0.697448262005224,0.7465366242038216,0.70203025477707,0.7410707086995082,0.6982181730226559,0.7170608045416559,0.0219586586837886,13,0.3930174033555124,0.5402403646655793,0.4514269955513798,0.45853964449987156,0.44282165173810223,0.4572092119620891,0.04744884946552531,2,0.6595539481615431,0.6847133757961783,0.6641321656050956,0.7162178505200355,0.6816294444892365,0.6812493569144178,0.019993141012347705,2,"{'model__n_estimators': 400, 'model__min_samples_leaf': 3, 'model__max_depth': None, 'model__class_weight': 'balanced_subsample'}",200.0,3.0,5,
random_forest,randomized,1.1088856220245362,0.059884189087328246,0.40148205757141114,0.01286801401141913,,balanced,"{'model__n_estimators': 400, 'model__min_samples_leaf': 3, 'model__max_depth': None, 'model__class_weight': 'balanced'}",0.7842639593908629,0.8071065989847716,0.7893401015228426,0.7786259541984732,0.8091603053435115,0.7936993838880925,0.012280328739004075,9,0.45161290322580644,0.5333333333333333,0.47619047619047616,0.43548387096774194,0.5625,0.4918241167434716,0.048484371171683,6,0.35443037974683544,0.4,0.375,0.34177215189873417,0.22784810126582278,0.3398101265822785,0.0593535921610435,8,0.3971631205673759,0.45714285714285713,0.4195804195804196,0.3829787234042553,0.32432432432432434,0.3962378890038465,0.04382353520311089,8,0.7045609805103477,0.7268710191082801,0.7232484076433121,0.7307103120212851,0.7086591953559623,0.7188099829278374,0.01031862693397395,11,0.4118958025090974,0.5116904972175191,0.4597472599710576,0.43445279631403655,0.4277579880644732,0.44910886881523676,0.03488583796833463,9,0.6232469359051638,0.6554140127388535,0.634952229299363,0.615153591872934,0.5916310570023382,0.6240795653637304,0.021134494944590354,8,"{'model__n_estimators': 400, 'model__min_samples_leaf': 3, 'model__max_depth': None, 'model__class_weight': 'balanced_subsample'}",400.0,3.0,,
random_forest,randomized,0.5367726802825927,0.08284503064131467,0.3814436912536621,0.020716874973883005,,balanced,"{'model__n_estimators': 200, 'model__min_samples_leaf': 1, 'model__max_depth': 5, 'model__class_weight': 'balanced'}",0.7690355329949239,0.7918781725888325,0.7690355329949239,0.7913486005089059,0.811704834605598,0.7866005347386368,0.016110133668968737,14,0.4318181818181818,0.4878048780487805,0.43820224719101125,0.48484848484848486,0.5362318840579711,0.4757811351928859,0.03801577134105003,13,0.4810126582278481,0.5,0.4875,0.6075949367088608,0.46835443037974683,0.508892405063291,0.050397435034926774,1,0.4550898203592814,0.49382716049382713,0.46153846153846156,0.5393258426966292,0.5,0.4899562570176399,0.03025378046486245,1,0.6913803496081977,0.7431926751592357,0.698407643312102,0.7326453277432877,0.7015641377086189,0.7134380267062885,0.020531450516479532,16,0.39062775911385395,0.5150219771397371,0.45709397983066336,0.45628558327272656,0.42572037648204564,0.44894993516780535,0.041052991470376006,10,0.6611412497488447,0.6831210191082803,0.6641321656050956,0.7225872772716279,0.6832218011771346,0.6828407025821966,0.021912962474876906,1,"{'model__n_estimators': 400, 'model__min_samples_leaf': 3, 'model__max_depth': None, 'model__class_weight': 'balanced_subsample'}",200.0,1.0,5,
random_forest,randomized,1.461531162261963,0.041958785918678375,0.23316636085510253,0.013819655754868689,,balanced_subsample,"{'model__n_estimators': 400, 'model__min_samples_leaf': 3, 'model__max_depth': 10, 'model__class_weight': 'balanced_subsample'}",0.7842639593908629,0.799492385786802,0.7817258883248731,0.7684478371501272,0.8091603053435115,0.7886180751992352,0.01423750622403243,13,0.45454545454545453,0.5076923076923077,0.45588235294117646,0.4090909090909091,0.55,0.4754422048539696,0.04862240302548769,14,0.379746835443038,0.4125,0.3875,0.34177215189873417,0.27848101265822783,0.36,0.04664769502053719,6,0.41379310344827586,0.45517241379310347,0.4189189189189189,0.3724137931034483,0.3697478991596639,0.406009225684682,0.031899231618015216,6,0.7125979505726341,0.7430334394904459,0.7273487261146496,0.7385713133919213,0.7040232201886639,0.7251149299516629,0.01489074933092428,2,0.40300141823111646,0.5271314630516947,0.45542568752757917,0.42520914393987846,0.4249343670689072,0.4471404159638352,0.04333486762425566,12,0.6327305605786618,0.6552945859872612,0.6348328025477707,0.6087841651213416,0.6105780859469483,0.6284440400363968,0.017238592517066914,6,"{'model__n_estimators': 400, 'model__min_samples_leaf': 3, 'model__max_depth': None, 'model__class_weight': 'balanced_subsample'}",400.0,3.0,10,
random_forest,randomized,1.4078014373779297,0.04840470895266044,0.2063065528869629,0.012606569840771013,,balanced_subsample,"{'model__n_estimators': 400, 'model__min_samples_leaf': 3, 'model__max_depth': 5, 'model__class_weight': 'balanced_subsample'}",0.7690355329949239,0.7893401015228426,0.7715736040609137,0.7786259541984732,0.8040712468193384,0.7825292879192983,0.0128669158705054,16,0.4318181818181818,0.48148148148148145,0.4444444444444444,0.46078431372549017,0.5142857142857142,0.46656282715106234,0.029085545048256684,16,0.4810126582278481,0.4875,0.5,0.5949367088607594,0.45569620253164556,0.5038291139240506,0.047789671980011085,3,0.4550898203592814,0.484472049689441,0.47058823529411764,0.5193370165745856,0.48322147651006714,0.4825417196854985,0.02123475774353208,3,0.6923849708659835,0.7417993630573249,0.7069267515923566,0.7328872047085383,0.7093042005966299,0.7166604981641667,0.01807446096139424,14,0.4010859396617223,0.5261478179956627,0.4542992292234471,0.44455129839034346,0.434658085584345,0.4521484741711041,0.04111335996252759,6,0.6611412497488447,0.6768710191082803,0.6703821656050956,0.7098887365959848,0.6737079738772878,0.6783982289870986,0.0166014670258276,3,"{'model__n_estimators': 400, 'model__min_samples_leaf': 3, 'model__max_depth': None, 'model__class_weight': 'balanced_subsample'}",400.0,3.0,5,
random_forest,randomized,1.1365118980407716,0.04279429086962485,0.19031195640563964,0.03797454241213059,,balanced,"{'model__n_estimators': 400, 'model__min_samples_leaf': 1, 'model__max_depth': 10, 'model__class_weight': 'balanced'}",0.7969543147208121,0.8096446700507615,0.7868020304568528,0.7837150127226463,0.8015267175572519,0.7957285491016649,0.00951617015934995,6,0.4897959183673469,0.5471698113207547,0.46153846153846156,0.44,0.5161290322580645,0.4909266446969255,0.038097036950745615,7,0.3037974683544304,0.3625,0.3,0.27848101265822783,0.20253164556962025,0.28946202531645565,0.05163055906210831,10,0.375,0.43609022556390975,0.36363636363636365,0.34108527131782945,0.2909090909090909,0.36134419028543874,0.047223367117082166,10,0.7108700020092426,0.7380971337579618,0.711624203821656,0.72708215754253,0.7042247843263727,0.7183796562915525,0.012384699362722571,12,0.3872595830661404,0.5196167766523853,0.45288035514617153,0.42924388368899585,0.4338136654901231,0.44456285280876323,0.043211463515035915,14,0.6122161944946755,0.6430334394904459,0.6054140127388535,0.5946545190679674,0.5773804724663388,0.6065397276516562,0.021710830751943463,10,"{'model__n_estimators': 400, 'model__min_samples_leaf': 3, 'model__max_depth': None, 'model__class_weight': 'balanced_subsample'}",400.0,1.0,10,
gradient_boosting,randomized,0.5132421493530274,0.058129326847462415,0.024501562118530273,0.004972800119399744,,,"{'model__n_estimators': 100, 'model__max_depth': 2, 'model__learning_rate': 0.03}",0.8020304568527918,0.817258883248731,0.8121827411167513,0.8040712468193384,0.7938931297709924,0.805887291561721,0.008136078811522368,5,0.5135135135135135,0.6428571428571429,0.6,0.5277777777777778,0.42857142857142855,0.5425439725439725,0.07404657462472215,5,0.24050632911392406,0.225,0.225,0.24050632911392406,0.0759493670886076,0.20139240506329115,0.063103709816439,15,0.3275862068965517,0.3333333333333333,0.32727272727272727,0.33043478260869563,0.12903225806451613,0.28953186163516487,0.08027981906528332,15,0.7144866385372715,0.7080015923566879,0.7139132165605094,0.7385914698056921,0.708397161976941,0.7166780158474204,0.011282717575197932,1,0.44219386497324065,0.48354449222544726,0.43689364805566533,0.4135392612102536,0.43318246783912534,0.44187074686074646,0.022977102698441807,1,0.5916817359855334,0.5965764331210192,0.593391719745223,0.5931831008626945,0.5252358300411191,0.5800137639511178,0.027435330363585364,15,"{'model__n_estimators': 100, 'model__max_depth': 2, 'model__learning_rate': 0.03}",100.0,,2,0.03
gradient_boosting,randomized,0.860917043685913,0.035267496708751844,0.022843694686889647,0.0024106593509600873,,,"{'model__n_estimators': 200, 'model__max_depth': 2, 'model__learning_rate': 0.03}",0.8020304568527918,0.8197969543147208,0.817258883248731,0.8091603053435115,0.7913486005089059,0.8079190400537322,0.010383767490090602,2,0.5111111111111111,0.6363636363636364,0.6111111111111112,0.5555555555555556,0.4117647058823529,0.5451812240047533,0.0796609678488264,3,0.2911392405063291,0.2625,0.275,0.25316455696202533,0.08860759493670886,0.23408227848101265,0.07384353817435453,11,0.3709677419354839,0.37168141592920356,0.3793103448275862,0.34782608695652173,0.14583333333333334,0.3231237845964257,0.08927029205293545,9,0.7067912397026321,0.7245023885350319,0.702109872611465,0.7363541078771265,0.7004152221236798,0.714034566169987,0.014056229039908955,3,0.4284538719806563,0.5007808405220986,0.40878793702726335,0.4054745871291014,0.42345852929617467,0.4333911531910589,0.03478234215246926,7,0.6106489853325296,0.6121417197452229,0.6152070063694268,0.6011045714746432,0.5283802305893736,0.5934965027022392,0.03289744474200921,8,"{'model__n_estimators': 100, 'model__max_depth': 2, 'model__learning_rate': 0.03}",200.0,,2,0.03
gradient_boosting,randomized,0.663918399810791,0.08930905436141245,0.026256036758422852,0.00701786232074694,,,"{'model__n_estimators': 100, 'model__max_depth': 3, 'model__learning_rate': 0.05}",0.8071065989847716,0.8121827411167513,0.7893401015228426,0.7964376590330788,0.7938931297709924,0.7997920460856873,0.008512629191942933,10,0.5348837209302325,0.59375,0.4594594594594595,0.48936170212765956,0.45,0.5054909765034703,0.0531260598577946,11,0.2911392405063291,0.2375,0.2125,0.2911392405063291,0.11392405063291139,0.22924050632911394,0.06528285429984178,13,0.3770491803278688,0.3392857142857143,0.2905982905982906,0.36507936507936506,0.18181818181818182,0.31076614642188416,0.07098035226711091,13,0.704098854731766,0.7181130573248407,0.7085191082802548,0.7200475691364991,0.7003144400548256,0.7102186059056372,0.007711848406354481,7,0.4336129903618845,0.4790389511954055,0.41234543169725885,0.3926296762911552,0.4223208199142172,0.4279895738919842,0.028861247550552492,11,0.6138235885071328,0.5980493630573248,0.5744028662420382,0.6073530597436104,0.5394461017495767,0.5866149958599365,0.02711147447885414,13,"{'model__n_estimators': 100, 'model__max_depth': 2, 'model__learning_rate': 0.03}",100.0,,3,0.05
gradient_boosting,randomized,2.2685523509979246,0.2726464356582276,0.02510557174682617,0.0026572090654178697,,,"{'model__n_estimators': 200, 'model__max_depth': 5, 'model__learning_rate': 0.03}",0.8045685279187818,0.8071065989847716,0.7944162436548223,0.7888040712468194,0.7913486005089059,0.7972488084628202,0.007278788234684491,15,0.5227272727272727,0.5555555555555556,0.48717948717948717,0.46,0.43478260869565216,0.49204898483159354,0.043138217731358494,16,0.2911392405063291,0.25,0.2375,0.2911392405063291,0.12658227848101267,0.2392721518987342,0.060328475166200456,9,0.37398373983739835,0.3448275862068966,0.31932773109243695,0.35658914728682173,0.19607843137254902,0.3181613271592205,0.06357597412602428,11,0.7156118143459915,0.7170382165605095,0.6780254777070065,0.7269612190599049,0.6979762960574054,0.7071226047461635,0.017287304126062494,11,0.4402695754738283,0.4723568884874052,0.42104759761915644,0.40725003308643576,0.4097974382089441,0.4301443065751539,0.024105252816293814,9,0.6122362869198312,0.5995222929936306,0.5869028662420382,0.6025759896799161,0.5425905022978312,0.5887655876266494,0.024465959521818095,11,"{'model__n_estimators': 100, 'model__max_depth': 2, 'model__learning_rate': 0.03}",200.0,,5,0.03
gradient_boosting,randomized,1.4343405723571778,0.2850196580726868,0.025191545486450195,0.007361286634280507,,,"{'model__n_estimators': 200, 'model__max_depth': 3, 'model__learning_rate': 0.03}",0.8096446700507615,0.8248730964467005,0.7969543147208121,0.7862595419847328,0.7913486005089059,0.8018160447423825,0.013914909939679298,8,0.5476190476190477,0.6666666666666666,0.5,0.44680851063829785,0.4117647058823529,0.514571786161273,0.08899266080168332,8,0.2911392405063291,0.275,0.2375,0.26582278481012656,0.08860759493670886,0.2316139240506329,0.0735952676421781,12,0.38016528925619836,0.3893805309734513,0.3220338983050847,0.3333333333333333,0.14583333333333334,0.3141492770402802,0.08806623372388997,12,0.7147277476391402,0.7271297770700637,0.7111066878980892,0.7176086430702249,0.6957792469563814,0.7132704205267799,0.010233754273979859,4,0.43290332801791376,0.48263879268521503,0.43230593044441146,0.38155757413446184,0.42383762107162043,0.43064864927072455,0.03214694054669637,8,0.6154108900944344,0.619984076433121,0.5884952229299363,0.5915101185197129,0.5283802305893736,0.5887561077133157,0.03267587069697531,12,"{'model__n_estimators': 100, 'model__max_depth': 2, 'model__learning_rate': 0.03}",200.0,,3,0.03
gradient_boosting,randomized,1.0831984043121339,0.1650614411660355,0.021989727020263673,0.0014231104977435744,,,"{'model__n_estimators': 200, 'model__max_depth': 2, 'model__learning_rate': 0.1}",0.8121827411167513,0.8401015228426396,0.8045685279187818,0.7989821882951654,0.806615776081425,0.8124901512509526,0.014437505360891854,1,0.5581395348837209,0.7428571428571429,0.5384615384615384,0.5,0.56,0.5798916432404805,0.08429200910612758,1,0.3037974683544304,0.325,0.2625,0.3037974683544304,0.17721518987341772,0.2744620253164557,0.052678763035857085,2,0.39344262295081966,0.45217391304347826,0.35294117647058826,0.3779527559055118,0.2692307692307692,0.36914824752023345,0.05967774928862554,1,0.7161744022503516,0.7277070063694266,0.6940684713375795,0.7354269128436668,0.6770942513907925,0.7100942088383634,0.021609010782556646,8,0.42404303038160474,0.5277193680056333,0.4197343435913883,0.3824806243865391,0.41532023545864055,0.4338595203647612,0.04917123372543637,6,0.6217400040184851,0.6481687898089172,0.6025875796178344,0.6136821736676611,0.5710916713698299,0.6114540436965455,0.025165346848824117,1,"{'model__n_estimators': 100, 'model__max_depth': 2, 'model__learning_rate': 0.03}",200.0,,2,0.1
gradient_boosting,randomized,1.2094836235046387,0.1818297996271689,0.02568478584289551,0.002206920139060064,,,"{'model__n_estimators': 100, 'model__max_depth': 5, 'model__learning_rate': 0.1}",0.8045685279187818,0.8147208121827412,0.7969543147208121,0.7989821882951654,0.7964376590330788,0.8023327004301158,0.006831818423112258,7,0.5227272727272727,0.6,0.5,0.5,0.48,0.5205454545454545,0.041966535270911126,7,0.2911392405063291,0.2625,0.275,0.3291139240506329,0.1518987341772152,0.2619303797468354,0.05940519950246961,5,0.37398373983739835,0.3652173913043478,0.3548387096774194,0.3969465648854962,0.23076923076923078,0.34435112729477846,0.05846470620425637,5,0.7035161744022504,0.7237261146496815,0.6740047770700637,0.700959445295493,0.6980166088849473,0.7000446240604872,0.015848583741334125,15,0.4742781874430205,0.4636085560503036,0.39259941037273804,0.3840672776561277,0.4030007281204121,0.4235108319285204,0.037728308152208824,16,0.6122362869198312,0.6089570063694267,0.6024681528662421,0.6231556881399661,0.5552487301459325,0.6004131728882797,0.023554426110038933,5,"{'model__n_estimators': 100, 'model__max_depth': 2, 'model__learning_rate': 0.03}",100.0,,5,0.1
gradient_boosting,randomized,1.3716189384460449,0.23271617253608318,0.022168636322021484,0.0015174729851027654,,,"{'model__n_estimators': 200, 'model__max_depth': 3, 'model__learning_rate': 0.1}",0.817258883248731,0.8121827411167513,0.8020304568527918,0.7938931297709924,0.7964376590330788,0.804360574004469,0.009003578133813757,6,0.5813953488372093,0.5789473684210527,0.525,0.48214285714285715,0.4827586206896552,0.5300488390181549,0.04378211706345202,6,0.31645569620253167,0.275,0.2625,0.34177215189873417,0.17721518987341772,0.27458860759493675,0.056381500316613174,1,0.4098360655737705,0.3728813559322034,0.35,0.4,0.25925925925925924,0.35839533615304664,0.05382450162743695,2,0.6938316254771951,0.7302945859872613,0.6914410828025478,0.7186970894138514,0.6973716036442796,0.706327197465027,0.015397326580488523,12,0.43441987653676006,0.4853952323996401,0.4168251477886453,0.3730075860533474,0.4129409884161051,0.4245177662388996,0.03647085000553372,15,0.6296564195298373,0.6120222929936305,0.6009952229299363,0.6247077320003225,0.5647222446182375,0.6064207824143928,0.02312526336345182,2,"{'model__n_estimators': 100, 'model__max_depth': 2, 'model__learning_rate': 0.03}",200.0,,3,0.1
gradient_boosting,randomized,2.0841699600219727,0.18640132631985332,0.01956067085266113,0.00406113492295074,,,"{'model__n_estimators': 200, 'model__max_depth': 5, 'model__learning_rate': 0.05}",0.8096446700507615,0.8096446700507615,0.7918781725888325,0.7938931297709924,0.7938931297709924,0.799790754446468,0.00807926000017844,11,0.5416666666666666,0.5714285714285714,0.4791666666666667,0.4807692307692308,0.46153846153846156,0.5069139194139194,0.042148026579995536,10,0.3291139240506329,0.25,0.2875,0.31645569620253167,0.1518987341772152,0.26699367088607595,0.0636577672268889,3,0.4094488188976378,0.34782608695652173,0.359375,0.3816793893129771,0.22857142857142856,0.34538014474771306,0.062078248920070495,3,0.6985332529636327,0.7256369426751593,0.6841958598726114,0.7225268080303152,0.6912440538579375,0.7044273834799313,0.016705029615356946,13,0.4379816699993821,0.48875691849147784,0.43897344162112506,0.40866421523190455,0.41759958403521724,0.4383951658758213,0.027760393219399118,2,0.6296363271046815,0.6011146496815287,0.6039410828025478,0.6152342175280174,0.5536563734580343,0.600716530114962,0.025582542835100086,4,"{'model__n_estimators': 100, 'model__max_depth': 2, 'model__learning_rate': 0.03}",200.0,,5,0.05
gradient_boosting,randomized,0.6210442066192627,0.015398872235228494,0.022890472412109376,0.0009293775741818455,,,"{'model__n_estimators': 100, 'model__max_depth': 3, 'model__learning_rate': 0.03}",0.7969543147208121,0.8096446700507615,0.7918781725888325,0.7888040712468194,0.7964376590330788,0.7967437775280609,0.007117360600416453,16,0.4864864864864865,0.5925925925925926,0.47058823529411764,0.4473684210526316,0.47058823529411764,0.4935247941439892,0.0510814030833739,15,0.22784810126582278,0.2,0.2,0.21518987341772153,0.10126582278481013,0.1888607594936709,0.04502060273614565,16,0.3103448275862069,0.29906542056074764,0.2807017543859649,0.2905982905982906,0.16666666666666666,0.26947539195957537,0.05232154932270341,16,0.7104480610809725,0.7136942675159236,0.7080812101910827,0.739921793114569,0.7025921148109329,0.7149474893426961,0.013002556192743821,2,0.43170523894381135,0.4723083034317973,0.4307379900600274,0.4145943727135203,0.42659555152282164,0.43518829133439557,0.019533442068064143,3,0.5837653204741813,0.5824840764331211,0.5713375796178344,0.5741554462630009,0.5363017012013223,0.569608824797892,0.017315907811921966,16,"{'model__n_estimators': 100, 'model__max_depth': 2, 'model__learning_rate': 0.03}",100.0,,3,0.03
gradient_boosting,randomized,1.439783763885498,0.18980643500202898,0.019597864151000975,0.004738441676935435,,,"{'model__n_estimators': 200, 'model__max_depth': 3, 'model__learning_rate': 0.05}",0.8071065989847716,0.8299492385786802,0.7893401015228426,0.7888040712468194,0.7913486005089059,0.8013097221684038,0.015828535934350473,9,0.5333333333333333,0.6857142857142857,0.4634146341463415,0.45652173913043476,0.42857142857142855,0.5135110841791647,0.0927567237780751,9,0.3037974683544304,0.3,0.2375,0.26582278481012656,0.11392405063291139,0.24420886075949366,0.06949784982016827,8,0.3870967741935484,0.41739130434782606,0.3140495867768595,0.336,0.18,0.3269075330636468,0.0820242410780498,8,0.7130399839260598,0.7244028662420382,0.6970939490445859,0.7161170684511811,0.7014835120535354,0.71042747594348,0.009922556369080817,6,0.44662791801724433,0.48372090866542944,0.4025180361345499,0.3762191978995817,0.4177636495027563,0.4253699420439124,0.03702052886710727,14,0.6185654008438819,0.632484076433121,0.5837181528662421,0.5931024752076111,0.5378537450616786,0.593144770082507,0.03267950379459858,9,"{'model__n_estimators': 100, 'model__max_depth': 2, 'model__learning_rate': 0.03}",200.0,,3,0.05
gradient_boosting,randomized,1.9387754917144775,0.08150394190490254,0.013443946838378906,0.0018594052426898452,,,"{'model__n_estimators': 200, 'model__max_depth': 5, 'model__learning_rate': 0.1}",0.8020304568527918,0.8147208121827412,0.7918781725888325,0.7862595419847328,0.7964376590330788,0.7982653285284355,0.009728660554362117,14,0.5106382978723404,0.5813953488372093,0.47619047619047616,0.4489795918367347,0.4827586206896552,0.4999924670852832,0.045178792688457876,13,0.3037974683544304,0.3125,0.25,0.27848101265822783,0.17721518987341772,0.2643987341772152,0.048729039676595684,4,0.38095238095238093,0.4065040650406504,0.32786885245901637,0.34375,0.25925925925925924,0.34366691154226137,0.05042410421084498,6,0.6994976893711071,0.7254378980891719,0.678343949044586,0.7022091429492865,0.70228976860437,0.7015556896117043,0.014928804507653,14,0.46521886613473373,0.4837118367250769,0.4012796399985671,0.3659641052513912,0.4119510674752386,0.42562510311700147,0.04308329184884429,13,0.6153907976692787,0.6275875796178344,0.589968152866242,0.5962468757558655,0.5647222446182375,0.5987831301054916,0.021678520538305626,6,"{'model__n_estimators': 100, 'model__max_depth': 2, 'model__learning_rate': 0.03}",200.0,,5,0.1
gradient_boosting,randomized,1.0863951683044433,0.06177640842819668,0.02280850410461426,0.0030591871733981688,,,"{'model__n_estimators': 100, 'model__max_depth': 5, 'model__learning_rate': 0.03}",0.7918781725888325,0.8045685279187818,0.799492385786802,0.7989821882951654,0.7964376590330788,0.7982717867245321,0.004144533948093708,12,0.4634146341463415,0.5555555555555556,0.5128205128205128,0.5,0.47619047619047616,0.5015962357425773,0.032073128559653406,12,0.24050632911392406,0.1875,0.25,0.2911392405063291,0.12658227848101267,0.21914556962025317,0.05685203868108127,14,0.31666666666666665,0.2803738317757009,0.33613445378151263,0.368,0.2,0.30023499044477603,0.057606226928152225,14,0.7077757685352623,0.7152866242038216,0.6816480891719745,0.7234943158913166,0.707651374667419,0.7071712344939589,0.014030890774060714,10,0.4324274886871611,0.45608267812062775,0.4126005583077649,0.4234719186561061,0.40649394268655825,0.42621531729164364,0.01739235941965726,12,0.5853325296363271,0.5746417197452229,0.5947452229299364,0.6089454164315085,0.5457752156736273,0.5818880208833244,0.021288111795861004,14,"{'model__n_estimators': 100, 'model__max_depth': 2, 'model__learning_rate': 0.03}",100.0,,5,0.03
gradient_boosting,randomized,0.4959256172180176,0.09000031084719093,0.026464509963989257,0.007827206082285725,,,"{'model__n_estimators': 100, 'model__max_depth': 2, 'model__learning_rate': 0.1}",0.8147208121827412,0.8248730964467005,0.8020304568527918,0.8040712468193384,0.7938931297709924,0.8079177484145127,0.01076950517041302,4,0.5681818181818182,0.6486486486486487,0.5238095238095238,0.5238095238095238,0.45,0.5428899028899029,0.0650864795087182,4,0.31645569620253167,0.3,0.275,0.27848101265822783,0.11392405063291139,0.25677215189873415,0.07299298792248217,6,0.4065040650406504,0.41025641025641024,0.36065573770491804,0.36363636363636365,0.18181818181818182,0.3445741516913049,0.0839773354185084,4,0.7001808318264013,0.7245222929936306,0.7078423566878981,0.7337539305006853,0.686507296621785,0.7105613417260801,0.016891117699296933,5,0.4122203694779262,0.5274241299534558,0.42459405844509757,0.3965883019426265,0.4094812181248023,0.43406161558878165,0.0475219505777029,5,0.6280691179425357,0.6292993630573248,0.6056528662420382,0.6073933725711521,0.5394461017495767,0.6019721643125255,0.03280326918253047,3,"{'model__n_estimators': 100, 'model__max_depth': 2, 'model__learning_rate': 0.03}",100.0,,2,0.1
gradient_boosting,randomized,0.8110363006591796,0.017922487107609367,0.018375205993652343,0.0037977575631461206,,,"{'model__n_estimators': 200, 'model__max_depth': 2, 'model__learning_rate': 0.05}",0.8096446700507615,0.8274111675126904,0.8045685279187818,0.8040712468193384,0.7938931297709924,0.8079177484145129,0.011006165790336107,3,0.5434782608695652,0.6764705882352942,0.5384615384615384,0.525,0.4444444444444444,0.5455709664021684,0.07461819145507308,2,0.31645569620253167,0.2875,0.2625,0.26582278481012656,0.10126582278481013,0.24670886075949366,0.07522887419241134,7,0.4,0.40350877192982454,0.35294117647058826,0.35294117647058826,0.16494845360824742,0.3348679156958497,0.08772646653837103,7,0.7009845288326302,0.7197651273885352,0.7050557324840764,0.7304684350560348,0.6921309360638555,0.7096809519650263,0.013702799246190868,9,0.4104783984165781,0.5200593743401473,0.41510575271292494,0.40187819767914845,0.42743926638322965,0.43499219790640575,0.0433276017335709,4,0.6248945147679326,0.626234076433121,0.6025875796178344,0.6026566153349996,0.5347093445134242,0.5982164261334624,0.03337268589827969,7,"{'model__n_estimators': 100, 'model__max_depth': 2, 'model__learning_rate': 0.03}",200.0,,2,0.05
gradient_boosting,randomized,0.9017619132995606,0.041995823192533296,0.016139507293701172,0.0029815636674336583,,,"{'model__n_estimators': 100, 'model__max_depth': 5, 'model__learning_rate': 0.05}",0.7944162436548223,0.8096446700507615,0.799492385786802,0.7964376590330788,0.7913486005089059,0.7982679118068741,0.006276814578671024,13,0.4782608695652174,0.5757575757575758,0.5128205128205128,0.48936170212765956,0.44,0.4992401320541931,0.044914256112845906,14,0.27848101265822783,0.2375,0.25,0.2911392405063291,0.13924050632911392,0.2392721518987342,0.05357627647623081,9,0.352,0.336283185840708,0.33613445378151263,0.36507936507936506,0.21153846153846154,0.32020709324800944,0.055399102489636795,10,0.6975286317058469,0.7105891719745223,0.6785429936305731,0.7272030960251551,0.6821333548335079,0.6991994496339211,0.018081274208998535,16,0.4163940031489359,0.4824867838158592,0.42594343226513226,0.42117959697599117,0.39410834649569504,0.4280224325403227,0.029335636358949615,10,0.6011452682338758,0.5964570063694268,0.5947452229299364,0.6073530597436104,0.5473272595339838,0.5894055633621667,0.02148837714988246,10,"{'model__n_estimators': 100, 'model__max_depth': 2, 'model__learning_rate': 0.03}",100.0,,5,0.05
