id,row_index,cluster_algorithm,k,cluster
1,0,kmeans,3,2
2,1,kmeans,3,2
3,2,kmeans,3,0
4,3,kmeans,3,2
5,4,kmeans,3,1
6,5,kmeans,3,2
7,6,kmeans,3,2
8,7,kmeans,3,2
9,8,kmeans,3,2
10,9,kmeans,3,2
11,10,kmeans,3,2
12,11,kmeans,3,2
13,12,kmeans,3,2
14,13,kmeans,3,2
15,14,kmeans,3,1
16,15,kmeans,3,1
17,16,kmeans,3,2
18,17,kmeans,3,2
19,18,kmeans,3,2
20,19,kmeans,3,1
21,20,kmeans,3,2
22,21,kmeans,3,2
23,22,kmeans,3,2
24,23,kmeans,3,0
25,24,kmeans,3,0
26,25,kmeans,3,2
27,26,kmeans,3,2
28,27,kmeans,3,2
29,28,kmeans,3,2
30,29,kmeans,3,2
31,30,kmeans,3,2
32,31,kmeans,3,2
33,32,kmeans,3,2
34,33,kmeans,3,2
35,34,kmeans,3,2
36,35,kmeans,3,2
37,36,kmeans,3,2
38,37,kmeans,3,2
39,38,kmeans,3,2
40,39,kmeans,3,2
41,40,kmeans,3,1
42,41,kmeans,3,2
43,42,kmeans,3,2
44,43,kmeans,3,1
45,44,kmeans,3,2
46,45,kmeans,3,2
47,46,kmeans,3,1
48,47,kmeans,3,0
49,48,kmeans,3,2
50,49,kmeans,3,2
51,50,kmeans,3,0
52,51,kmeans,3,1
53,52,kmeans,3,2
54,53,kmeans,3,2
55,54,kmeans,3,1
56,55,kmeans,3,1
57,56,kmeans,3,2
58,57,kmeans,3,2
59,58,kmeans,3,2
60,59,kmeans,3,2
61,60,kmeans,3,2
62,61,kmeans,3,2
63,62,kmeans,3,2
64,63,kmeans,3,2
65,64,kmeans,3,1
66,65,kmeans,3,2
67,66,kmeans,3,1
68,67,kmeans,3,2
69,68,kmeans,3,0
70,69,kmeans,3,2
71,70,kmeans,3,2
72,71,kmeans,3,1
73,72,kmeans,3,2
74,73,kmeans,3,2
75,74,kmeans,3,1
76,75,kmeans,3,2
77,76,kmeans,3,2
78,77,kmeans,3,2
79,78,kmeans,3,2
80,79,kmeans,3,0
81,80,kmeans,3,2
82,81,kmeans,3,2
83,82,kmeans,3,2
84,83,kmeans,3,2
85,84,kmeans,3,1
86,85,kmeans,3,2
87,86,kmeans,3,2
88,87,kmeans,3,2
89,88,kmeans,3,2
90,89,kmeans,3,0
91,90,kmeans,3,2
92,91,kmeans,3,0
93,92,kmeans,3,2
94,93,kmeans,3,2
95,94,kmeans,3,1
96,95,kmeans,3,2
97,96,kmeans,3,0
98,97,kmeans,3,2
99,98,kmeans,3,1
100,99,kmeans,3,2
101,100,kmeans,3,2
102,101,kmeans,3,2
103,102,kmeans,3,0
104,103,kmeans,3,2
105,104,kmeans,3,2
106,105,kmeans,3,2
107,106,kmeans,3,1
108,107,kmeans,3,0
109,108,kmeans,3,2
110,109,kmeans,3,2
111,110,kmeans,3,2
112,111,kmeans,3,2
113,112,kmeans,3,1
114,113,kmeans,3,0
115,114,kmeans,3,1
116,115,kmeans,3,1
117,116,kmeans,3,2
118,117,kmeans,3,1
119,118,kmeans,3,1
120,119,kmeans,3,2
121,120,kmeans,3,2
122,121,kmeans,3,2
123,122,kmeans,3,2
124,123,kmeans,3,2
125,124,kmeans,3,2
126,125,kmeans,3,2
127,126,kmeans,3,1
128,127,kmeans,3,0
129,128,kmeans,3,2
130,129,kmeans,3,2
131,130,kmeans,3,2
132,131,kmeans,3,0
133,132,kmeans,3,1
134,133,kmeans,3,2
135,134,kmeans,3,0
136,135,kmeans,3,1
137,136,kmeans,3,0
138,137,kmeans,3,1
139,138,kmeans,3,1
140,139,kmeans,3,2
141,140,kmeans,3,1
142,141,kmeans,3,2
143,142,kmeans,3,1
144,143,kmeans,3,0
145,144,kmeans,3,1
146,145,kmeans,3,1
147,146,kmeans,3,1
148,147,kmeans,3,1
149,148,kmeans,3,0
150,149,kmeans,3,1
151,150,kmeans,3,2
152,151,kmeans,3,2
153,152,kmeans,3,0
154,153,kmeans,3,1
155,154,kmeans,3,2
156,155,kmeans,3,2
157,156,kmeans,3,1
158,157,kmeans,3,2
159,158,kmeans,3,0
160,159,kmeans,3,1
161,160,kmeans,3,2
162,161,kmeans,3,1
163,162,kmeans,3,2
164,163,kmeans,3,1
165,164,kmeans,3,1
166,165,kmeans,3,2
167,166,kmeans,3,2
168,167,kmeans,3,1
169,168,kmeans,3,1
170,169,kmeans,3,1
171,170,kmeans,3,2
172,171,kmeans,3,2
173,172,kmeans,3,2
174,173,kmeans,3,2
175,174,kmeans,3,0
176,175,kmeans,3,0
177,176,kmeans,3,1
178,177,kmeans,3,2
179,178,kmeans,3,2
180,179,kmeans,3,2
181,180,kmeans,3,2
182,181,kmeans,3,2
183,182,kmeans,3,1
184,183,kmeans,3,1
185,184,kmeans,3,2
186,185,kmeans,3,2
187,186,kmeans,3,2
188,187,kmeans,3,1
189,188,kmeans,3,2
190,189,kmeans,3,2
191,190,kmeans,3,0
192,191,kmeans,3,2
193,192,kmeans,3,2
194,193,kmeans,3,2
195,194,kmeans,3,2
196,195,kmeans,3,0
197,196,kmeans,3,2
198,197,kmeans,3,1
199,198,kmeans,3,2
200,199,kmeans,3,2
201,200,kmeans,3,2
202,201,kmeans,3,1
203,202,kmeans,3,2
204,203,kmeans,3,1
205,204,kmeans,3,2
206,205,kmeans,3,2
207,206,kmeans,3,1
208,207,kmeans,3,2
209,208,kmeans,3,1
210,209,kmeans,3,2
211,210,kmeans,3,2
212,211,kmeans,3,2
213,212,kmeans,3,2
214,213,kmeans,3,2
215,214,kmeans,3,2
216,215,kmeans,3,2
217,216,kmeans,3,2
218,217,kmeans,3,2
219,218,kmeans,3,2
220,219,kmeans,3,0
221,220,kmeans,3,2
222,221,kmeans,3,0
223,222,kmeans,3,1
224,223,kmeans,3,1
225,224,kmeans,3,2
226,225,kmeans,3,2
227,226,kmeans,3,1
228,227,kmeans,3,2
229,228,kmeans,3,2
230,229,kmeans,3,0
231,230,kmeans,3,2
232,231,kmeans,3,2
233,232,kmeans,3,2
234,233,kmeans,3,1
235,234,kmeans,3,0
236,235,kmeans,3,2
237,236,kmeans,3,1
238,237,kmeans,3,2
239,238,kmeans,3,1
240,239,kmeans,3,1
241,240,kmeans,3,2
242,241,kmeans,3,0
243,242,kmeans,3,1
244,243,kmeans,3,2
245,244,kmeans,3,2
246,245,kmeans,3,2
247,246,kmeans,3,2
248,247,kmeans,3,2
249,248,kmeans,3,1
250,249,kmeans,3,2
251,250,kmeans,3,2
252,251,kmeans,3,1
253,252,kmeans,3,2
254,253,kmeans,3,0
255,254,kmeans,3,1
256,255,kmeans,3,1
257,256,kmeans,3,2
258,257,kmeans,3,0
259,258,kmeans,3,2
260,259,kmeans,3,2
261,260,kmeans,3,2
262,261,kmeans,3,1
263,262,kmeans,3,2
264,263,kmeans,3,2
265,264,kmeans,3,2
266,265,kmeans,3,1
267,266,kmeans,3,2
268,267,kmeans,3,2
269,268,kmeans,3,2
270,269,kmeans,3,1
271,270,kmeans,3,1
272,271,kmeans,3,2
273,272,kmeans,3,2
274,273,kmeans,3,2
275,274,kmeans,3,1
276,275,kmeans,3,2
277,276,kmeans,3,2
278,277,kmeans,3,2
279,278,kmeans,3,2
280,279,kmeans,3,2
281,280,kmeans,3,2
282,281,kmeans,3,2
283,282,kmeans,3,1
284,283,kmeans,3,2
285,284,kmeans,3,1
286,285,kmeans,3,2
287,286,kmeans,3,2
288,287,kmeans,3,1
289,288,kmeans,3,2
290,289,kmeans,3,2
291,290,kmeans,3,2
292,291,kmeans,3,2
293,292,kmeans,3,1
294,293,kmeans,3,1
295,294,kmeans,3,2
296,295,kmeans,3,2
297,296,kmeans,3,2
298,297,kmeans,3,1
299,298,kmeans,3,1
300,299,kmeans,3,1
301,300,kmeans,3,1
302,301,kmeans,3,1
303,302,kmeans,3,2
304,303,kmeans,3,2
305,304,kmeans,3,2
306,305,kmeans,3,0
307,306,kmeans,3,2
308,307,kmeans,3,1
309,308,kmeans,3,1
310,309,kmeans,3,0
311,310,kmeans,3,1
312,311,kmeans,3,1
313,312,kmeans,3,2
314,313,kmeans,3,1
315,314,kmeans,3,2
316,315,kmeans,3,2
317,316,kmeans,3,2
318,317,kmeans,3,2
319,318,kmeans,3,1
320,319,kmeans,3,1
321,320,kmeans,3,2
322,321,kmeans,3,2
323,322,kmeans,3,1
324,323,kmeans,3,1
325,324,kmeans,3,0
326,325,kmeans,3,0
327,326,kmeans,3,2
328,327,kmeans,3,1
329,328,kmeans,3,1
330,329,kmeans,3,1
331,330,kmeans,3,2
332,331,kmeans,3,1
333,332,kmeans,3,2
334,333,kmeans,3,2
335,334,kmeans,3,2
336,335,kmeans,3,1
337,336,kmeans,3,1
338,337,kmeans,3,2
339,338,kmeans,3,1
340,339,kmeans,3,2
341,340,kmeans,3,0
342,341,kmeans,3,2
343,342,kmeans,3,2
344,343,kmeans,3,2
345,344,kmeans,3,1
346,345,kmeans,3,0
347,346,kmeans,3,2
348,347,kmeans,3,2
349,348,kmeans,3,2
350,349,kmeans,3,2
351,350,kmeans,3,1
352,351,kmeans,3,1
353,352,kmeans,3,2
354,353,kmeans,3,2
355,354,kmeans,3,2
356,355,kmeans,3,2
357,356,kmeans,3,1
358,357,kmeans,3,2
359,358,kmeans,3,2
360,359,kmeans,3,2
361,360,kmeans,3,1
362,361,kmeans,3,2
363,362,kmeans,3,2
364,363,kmeans,3,1
365,364,kmeans,3,2
366,365,kmeans,3,1
367,366,kmeans,3,1
368,367,kmeans,3,2
369,368,kmeans,3,2
370,369,kmeans,3,1
371,370,kmeans,3,2
372,371,kmeans,3,1
373,372,kmeans,3,2
374,373,kmeans,3,2
375,374,kmeans,3,2
376,375,kmeans,3,2
377,376,kmeans,3,2
378,377,kmeans,3,2
379,378,kmeans,3,1
380,379,kmeans,3,1
381,380,kmeans,3,1
382,381,kmeans,3,2
383,382,kmeans,3,2
384,383,kmeans,3,2
385,384,kmeans,3,2
386,385,kmeans,3,2
387,386,kmeans,3,1
388,387,kmeans,3,0
389,388,kmeans,3,1
390,389,kmeans,3,0
391,390,kmeans,3,0
392,391,kmeans,3,0
393,392,kmeans,3,2
394,393,kmeans,3,2
395,394,kmeans,3,2
396,395,kmeans,3,0
397,396,kmeans,3,1
398,397,kmeans,3,1
399,398,kmeans,3,2
400,399,kmeans,3,2
401,400,kmeans,3,2
402,401,kmeans,3,2
403,402,kmeans,3,0
404,403,kmeans,3,2
405,404,kmeans,3,0
406,405,kmeans,3,1
407,406,kmeans,3,1
408,407,kmeans,3,2
409,408,kmeans,3,1
410,409,kmeans,3,2
411,410,kmeans,3,1
412,411,kmeans,3,2
413,412,kmeans,3,2
414,413,kmeans,3,2
415,414,kmeans,3,2
416,415,kmeans,3,1
417,416,kmeans,3,2
418,417,kmeans,3,2
419,418,kmeans,3,1
420,419,kmeans,3,0
421,420,kmeans,3,2
422,421,kmeans,3,1
423,422,kmeans,3,0
424,423,kmeans,3,1
425,424,kmeans,3,1
426,425,kmeans,3,2
427,426,kmeans,3,2
428,427,kmeans,3,2
429,428,kmeans,3,2
430,429,kmeans,3,2
431,430,kmeans,3,1
432,431,kmeans,3,2
433,432,kmeans,3,1
434,433,kmeans,3,2
435,434,kmeans,3,2
436,435,kmeans,3,1
437,436,kmeans,3,1
438,437,kmeans,3,1
439,438,kmeans,3,2
440,439,kmeans,3,2
441,440,kmeans,3,2
442,441,kmeans,3,1
443,442,kmeans,3,2
444,443,kmeans,3,1
445,444,kmeans,3,1
446,445,kmeans,3,2
447,446,kmeans,3,0
448,447,kmeans,3,2
449,448,kmeans,3,0
450,449,kmeans,3,1
451,450,kmeans,3,1
452,451,kmeans,3,2
453,452,kmeans,3,1
454,453,kmeans,3,2
455,454,kmeans,3,1
456,455,kmeans,3,2
457,456,kmeans,3,2
458,457,kmeans,3,2
459,458,kmeans,3,1
460,459,kmeans,3,2
461,460,kmeans,3,1
462,461,kmeans,3,1
463,462,kmeans,3,0
464,463,kmeans,3,2
465,464,kmeans,3,1
466,465,kmeans,3,2
467,466,kmeans,3,1
468,467,kmeans,3,2
469,468,kmeans,3,2
470,469,kmeans,3,2
471,470,kmeans,3,2
472,471,kmeans,3,2
473,472,kmeans,3,2
474,473,kmeans,3,2
475,474,kmeans,3,2
476,475,kmeans,3,2
477,476,kmeans,3,2
478,477,kmeans,3,2
479,478,kmeans,3,2
480,479,kmeans,3,2
481,480,kmeans,3,2
482,481,kmeans,3,1
483,482,kmeans,3,2
484,483,kmeans,3,1
485,484,kmeans,3,1
486,485,kmeans,3,2
487,486,kmeans,3,1
488,487,kmeans,3,1
489,488,kmeans,3,2
490,489,kmeans,3,2
491,490,kmeans,3,2
492,491,kmeans,3,2
493,492,kmeans,3,2
494,493,kmeans,3,2
495,494,kmeans,3,2
496,495,kmeans,3,2
497,496,kmeans,3,2
498,497,kmeans,3,2
499,498,kmeans,3,2
500,499,kmeans,3,1
501,500,kmeans,3,1
502,501,kmeans,3,1
503,502,kmeans,3,2
504,503,kmeans,3,1
505,504,kmeans,3,2
506,505,kmeans,3,2
507,506,kmeans,3,2
508,507,kmeans,3,1
509,508,kmeans,3,1
510,509,kmeans,3,2
511,510,kmeans,3,2
512,511,kmeans,3,1
513,512,kmeans,3,2
514,513,kmeans,3,2
515,514,kmeans,3,2
516,515,kmeans,3,1
517,516,kmeans,3,0
518,517,kmeans,3,2
519,518,kmeans,3,2
520,519,kmeans,3,2
521,520,kmeans,3,2
522,521,kmeans,3,2
523,522,kmeans,3,2
524,523,kmeans,3,0
525,524,kmeans,3,0
526,525,kmeans,3,1
527,526,kmeans,3,1
528,527,kmeans,3,1
529,528,kmeans,3,2
530,529,kmeans,3,2
531,530,kmeans,3,2
532,531,kmeans,3,1
533,532,kmeans,3,1
534,533,kmeans,3,2
535,534,kmeans,3,1
536,535,kmeans,3,2
537,536,kmeans,3,1
538,537,kmeans,3,1
539,538,kmeans,3,1
540,539,kmeans,3,1
541,540,kmeans,3,2
542,541,kmeans,3,1
543,542,kmeans,3,2
544,543,kmeans,3,0
545,544,kmeans,3,2
546,545,kmeans,3,2
547,546,kmeans,3,2
548,547,kmeans,3,0
549,548,kmeans,3,2
550,549,kmeans,3,1
551,550,kmeans,3,1
552,551,kmeans,3,1
553,552,kmeans,3,1
554,553,kmeans,3,1
555,554,kmeans,3,2
556,555,kmeans,3,1
557,556,kmeans,3,2
558,557,kmeans,3,2
559,558,kmeans,3,2
560,559,kmeans,3,2
561,560,kmeans,3,2
562,561,kmeans,3,2
563,562,kmeans,3,0
564,563,kmeans,3,2
565,564,kmeans,3,2
566,565,kmeans,3,1
567,566,kmeans,3,2
568,567,kmeans,3,2
569,568,kmeans,3,2
570,569,kmeans,3,1
571,570,kmeans,3,2
572,571,kmeans,3,1
573,572,kmeans,3,1
574,573,kmeans,3,1
575,574,kmeans,3,1
576,575,kmeans,3,0
577,576,kmeans,3,2
578,577,kmeans,3,2
579,578,kmeans,3,0
580,579,kmeans,3,0
581,580,kmeans,3,2
582,581,kmeans,3,2
583,582,kmeans,3,2
584,583,kmeans,3,2
585,584,kmeans,3,1
586,585,kmeans,3,2
587,586,kmeans,3,1
588,587,kmeans,3,0
589,588,kmeans,3,1
590,589,kmeans,3,0
591,590,kmeans,3,2
592,591,kmeans,3,2
593,592,kmeans,3,1
594,593,kmeans,3,2
595,594,kmeans,3,2
596,595,kmeans,3,1
597,596,kmeans,3,2
598,597,kmeans,3,2
599,598,kmeans,3,1
600,599,kmeans,3,2
601,600,kmeans,3,1
602,601,kmeans,3,1
603,602,kmeans,3,2
604,603,kmeans,3,2
605,604,kmeans,3,0
606,605,kmeans,3,1
607,606,kmeans,3,2
608,607,kmeans,3,2
609,608,kmeans,3,2
610,609,kmeans,3,1
611,610,kmeans,3,1
612,611,kmeans,3,2
613,612,kmeans,3,2
614,613,kmeans,3,2
615,614,kmeans,3,0
616,615,kmeans,3,1
617,616,kmeans,3,2
618,617,kmeans,3,1
619,618,kmeans,3,0
620,619,kmeans,3,2
621,620,kmeans,3,1
622,621,kmeans,3,1
623,622,kmeans,3,2
624,623,kmeans,3,1
625,624,kmeans,3,1
626,625,kmeans,3,2
627,626,kmeans,3,2
628,627,kmeans,3,2
629,628,kmeans,3,2
630,629,kmeans,3,2
631,630,kmeans,3,2
632,631,kmeans,3,1
633,632,kmeans,3,1
634,633,kmeans,3,2
635,634,kmeans,3,1
636,635,kmeans,3,0
637,636,kmeans,3,1
638,637,kmeans,3,1
639,638,kmeans,3,0
640,639,kmeans,3,0
641,640,kmeans,3,1
642,641,kmeans,3,2
643,642,kmeans,3,0
644,643,kmeans,3,2
645,644,kmeans,3,0
646,645,kmeans,3,0
647,646,kmeans,3,2
648,647,kmeans,3,2
649,648,kmeans,3,2
650,649,kmeans,3,1
651,650,kmeans,3,0
652,651,kmeans,3,1
653,652,kmeans,3,2
654,653,kmeans,3,2
655,654,kmeans,3,2
656,655,kmeans,3,2
657,656,kmeans,3,2
658,657,kmeans,3,2
659,658,kmeans,3,2
660,659,kmeans,3,1
661,660,kmeans,3,2
662,661,kmeans,3,2
663,662,kmeans,3,1
664,663,kmeans,3,1
665,664,kmeans,3,2
666,665,kmeans,3,2
667,666,kmeans,3,2
668,667,kmeans,3,2
669,668,kmeans,3,2
670,669,kmeans,3,1
671,670,kmeans,3,1
672,671,kmeans,3,2
673,672,kmeans,3,1
674,673,kmeans,3,2
675,674,kmeans,3,2
676,675,kmeans,3,0
677,676,kmeans,3,0
678,677,kmeans,3,2
679,678,kmeans,3,2
680,679,kmeans,3,1
681,680,kmeans,3,1
682,681,kmeans,3,2
683,682,kmeans,3,2
684,683,kmeans,3,2
685,684,kmeans,3,2
686,685,kmeans,3,0
687,686,kmeans,3,2
688,687,kmeans,3,2
689,688,kmeans,3,2
690,689,kmeans,3,2
691,690,kmeans,3,1
692,691,kmeans,3,2
693,692,kmeans,3,2
694,693,kmeans,3,1
695,694,kmeans,3,2
696,695,kmeans,3,1
697,696,kmeans,3,2
698,697,kmeans,3,2
699,698,kmeans,3,2
700,699,kmeans,3,2
701,700,kmeans,3,1
702,701,kmeans,3,2
703,702,kmeans,3,2
704,703,kmeans,3,2
705,704,kmeans,3,2
706,705,kmeans,3,2
707,706,kmeans,3,2
708,707,kmeans,3,0
709,708,kmeans,3,0
710,709,kmeans,3,1
711,710,kmeans,3,1
712,711,kmeans,3,2
713,712,kmeans,3,2
714,713,kmeans,3,2
715,714,kmeans,3,2
716,715,kmeans,3,2
717,716,kmeans,3,0
718,717,kmeans,3,2
719,718,kmeans,3,2
720,719,kmeans,3,2
721,720,kmeans,3,2
722,721,kmeans,3,1
723,722,kmeans,3,2
724,723,kmeans,3,2
725,724,kmeans,3,1
726,725,kmeans,3,1
727,726,kmeans,3,2
728,727,kmeans,3,0
729,728,kmeans,3,0
730,729,kmeans,3,1
731,730,kmeans,3,2
732,731,kmeans,3,2
733,732,kmeans,3,0
734,733,kmeans,3,2
735,734,kmeans,3,2
736,735,kmeans,3,2
737,736,kmeans,3,2
738,737,kmeans,3,2
739,738,kmeans,3,2
740,739,kmeans,3,1
741,740,kmeans,3,1
742,741,kmeans,3,0
743,742,kmeans,3,0
744,743,kmeans,3,0
745,744,kmeans,3,2
746,745,kmeans,3,1
747,746,kmeans,3,1
748,747,kmeans,3,2
749,748,kmeans,3,1
750,749,kmeans,3,1
751,750,kmeans,3,2
752,751,kmeans,3,2
753,752,kmeans,3,1
754,753,kmeans,3,0
755,754,kmeans,3,0
756,755,kmeans,3,0
757,756,kmeans,3,0
758,757,kmeans,3,1
759,758,kmeans,3,2
760,759,kmeans,3,1
761,760,kmeans,3,0
762,761,kmeans,3,2
763,762,kmeans,3,2
764,763,kmeans,3,1
765,764,kmeans,3,2
766,765,kmeans,3,2
767,766,kmeans,3,2
768,767,kmeans,3,2
769,768,kmeans,3,1
770,769,kmeans,3,0
771,770,kmeans,3,1
772,771,kmeans,3,0
773,772,kmeans,3,1
774,773,kmeans,3,1
775,774,kmeans,3,2
776,775,kmeans,3,2
777,776,kmeans,3,2
778,777,kmeans,3,2
779,778,kmeans,3,2
780,779,kmeans,3,1
781,780,kmeans,3,2
782,781,kmeans,3,2
783,782,kmeans,3,1
784,783,kmeans,3,2
785,784,kmeans,3,0
786,785,kmeans,3,2
787,786,kmeans,3,2
788,787,kmeans,3,1
789,788,kmeans,3,1
790,789,kmeans,3,2
791,790,kmeans,3,2
792,791,kmeans,3,1
793,792,kmeans,3,1
794,793,kmeans,3,1
795,794,kmeans,3,2
796,795,kmeans,3,1
797,796,kmeans,3,2
798,797,kmeans,3,1
799,798,kmeans,3,2
800,799,kmeans,3,2
801,800,kmeans,3,2
802,801,kmeans,3,2
803,802,kmeans,3,1
804,803,kmeans,3,1
805,804,kmeans,3,2
806,805,kmeans,3,0
807,806,kmeans,3,2
808,807,kmeans,3,2
809,808,kmeans,3,2
810,809,kmeans,3,2
811,810,kmeans,3,1
812,811,kmeans,3,2
813,812,kmeans,3,2
814,813,kmeans,3,1
815,814,kmeans,3,2
816,815,kmeans,3,0
817,816,kmeans,3,1
818,817,kmeans,3,2
819,818,kmeans,3,2
820,819,kmeans,3,1
821,820,kmeans,3,2
822,821,kmeans,3,0
823,822,kmeans,3,2
824,823,kmeans,3,2
825,824,kmeans,3,0
826,825,kmeans,3,2
827,826,kmeans,3,2
828,827,kmeans,3,2
829,828,kmeans,3,2
830,829,kmeans,3,1
831,830,kmeans,3,2
832,831,kmeans,3,2
833,832,kmeans,3,1
834,833,kmeans,3,1
835,834,kmeans,3,1
836,835,kmeans,3,2
837,836,kmeans,3,2
838,837,kmeans,3,2
839,838,kmeans,3,1
840,839,kmeans,3,2
841,840,kmeans,3,0
842,841,kmeans,3,2
843,842,kmeans,3,2
844,843,kmeans,3,0
845,844,kmeans,3,1
846,845,kmeans,3,2
847,846,kmeans,3,1
848,847,kmeans,3,1
849,848,kmeans,3,0
850,849,kmeans,3,2
851,850,kmeans,3,2
852,851,kmeans,3,2
853,852,kmeans,3,2
854,853,kmeans,3,0
855,854,kmeans,3,2
856,855,kmeans,3,2
857,856,kmeans,3,2
858,857,kmeans,3,2
859,858,kmeans,3,1
860,859,kmeans,3,2
861,860,kmeans,3,1
862,861,kmeans,3,2
863,862,kmeans,3,2
864,863,kmeans,3,2
865,864,kmeans,3,1
866,865,kmeans,3,2
867,866,kmeans,3,1
868,867,kmeans,3,2
869,868,kmeans,3,2
870,869,kmeans,3,2
871,870,kmeans,3,2
872,871,kmeans,3,1
873,872,kmeans,3,2
874,873,kmeans,3,1
875,874,kmeans,3,1
876,875,kmeans,3,1
877,876,kmeans,3,2
878,877,kmeans,3,1
879,878,kmeans,3,1
880,879,kmeans,3,2
881,880,kmeans,3,1
882,881,kmeans,3,2
883,882,kmeans,3,2
884,883,kmeans,3,1
885,884,kmeans,3,2
886,885,kmeans,3,2
887,886,kmeans,3,0
888,887,kmeans,3,2
889,888,kmeans,3,0
890,889,kmeans,3,1
891,890,kmeans,3,2
892,891,kmeans,3,2
893,892,kmeans,3,2
894,893,kmeans,3,2
895,894,kmeans,3,2
896,895,kmeans,3,2
897,896,kmeans,3,2
898,897,kmeans,3,2
899,898,kmeans,3,1
900,899,kmeans,3,0
901,900,kmeans,3,2
902,901,kmeans,3,0
903,902,kmeans,3,2
904,903,kmeans,3,2
905,904,kmeans,3,0
906,905,kmeans,3,2
907,906,kmeans,3,1
908,907,kmeans,3,2
909,908,kmeans,3,1
910,909,kmeans,3,0
911,910,kmeans,3,2
912,911,kmeans,3,0
913,912,kmeans,3,2
914,913,kmeans,3,2
915,914,kmeans,3,2
916,915,kmeans,3,0
917,916,kmeans,3,2
918,917,kmeans,3,1
919,918,kmeans,3,2
920,919,kmeans,3,2
921,920,kmeans,3,0
922,921,kmeans,3,2
923,922,kmeans,3,1
924,923,kmeans,3,2
925,924,kmeans,3,1
926,925,kmeans,3,2
927,926,kmeans,3,1
928,927,kmeans,3,1
929,928,kmeans,3,0
930,929,kmeans,3,2
931,930,kmeans,3,2
932,931,kmeans,3,1
933,932,kmeans,3,2
934,933,kmeans,3,2
935,934,kmeans,3,1
936,935,kmeans,3,2
937,936,kmeans,3,0
938,937,kmeans,3,2
939,938,kmeans,3,1
940,939,kmeans,3,2
941,940,kmeans,3,2
942,941,kmeans,3,2
943,942,kmeans,3,2
944,943,kmeans,3,2
945,944,kmeans,3,1
946,945,kmeans,3,1
947,946,kmeans,3,0
948,947,kmeans,3,2
949,948,kmeans,3,2
950,949,kmeans,3,1
951,950,kmeans,3,2
952,951,kmeans,3,1
953,952,kmeans,3,0
954,953,kmeans,3,2
955,954,kmeans,3,0
956,955,kmeans,3,2
957,956,kmeans,3,2
958,957,kmeans,3,1
959,958,kmeans,3,1
960,959,kmeans,3,1
961,960,kmeans,3,2
962,961,kmeans,3,2
963,962,kmeans,3,2
964,963,kmeans,3,2
965,964,kmeans,3,2
966,965,kmeans,3,2
967,966,kmeans,3,2
968,967,kmeans,3,0
969,968,kmeans,3,2
970,969,kmeans,3,2
971,970,kmeans,3,0
972,971,kmeans,3,1
973,972,kmeans,3,0
974,973,kmeans,3,2
975,974,kmeans,3,0
976,975,kmeans,3,1
977,976,kmeans,3,2
978,977,kmeans,3,2
979,978,kmeans,3,1
980,979,kmeans,3,2
981,980,kmeans,3,2
982,981,kmeans,3,2
983,982,kmeans,3,2
984,983,kmeans,3,2
985,984,kmeans,3,2
986,985,kmeans,3,2
987,986,kmeans,3,2
988,987,kmeans,3,1
989,988,kmeans,3,1
990,989,kmeans,3,1
991,990,kmeans,3,0
992,991,kmeans,3,0
993,992,kmeans,3,2
994,993,kmeans,3,2
995,994,kmeans,3,2
996,995,kmeans,3,2
997,996,kmeans,3,0
998,997,kmeans,3,2
999,998,kmeans,3,2
1000,999,kmeans,3,1
1001,1000,kmeans,3,1
1002,1001,kmeans,3,2
1003,1002,kmeans,3,0
1004,1003,kmeans,3,2
1005,1004,kmeans,3,1
1006,1005,kmeans,3,2
1007,1006,kmeans,3,2
1008,1007,kmeans,3,1
1009,1008,kmeans,3,0
1010,1009,kmeans,3,1
1011,1010,kmeans,3,1
1012,1011,kmeans,3,2
1013,1012,kmeans,3,2
1014,1013,kmeans,3,2
1015,1014,kmeans,3,1
1016,1015,kmeans,3,2
1017,1016,kmeans,3,0
1018,1017,kmeans,3,2
1019,1018,kmeans,3,1
1020,1019,kmeans,3,2
1021,1020,kmeans,3,0
1022,1021,kmeans,3,2
1023,1022,kmeans,3,2
1024,1023,kmeans,3,1
1025,1024,kmeans,3,1
1026,1025,kmeans,3,2
1027,1026,kmeans,3,1
1028,1027,kmeans,3,1
1029,1028,kmeans,3,1
1030,1029,kmeans,3,1
1031,1030,kmeans,3,1
1032,1031,kmeans,3,2
1033,1032,kmeans,3,2
1034,1033,kmeans,3,1
1035,1034,kmeans,3,2
1036,1035,kmeans,3,0
1037,1036,kmeans,3,0
1038,1037,kmeans,3,1
1039,1038,kmeans,3,1
1040,1039,kmeans,3,2
1041,1040,kmeans,3,1
1042,1041,kmeans,3,1
1043,1042,kmeans,3,0
1044,1043,kmeans,3,1
1045,1044,kmeans,3,2
1046,1045,kmeans,3,2
1047,1046,kmeans,3,2
1048,1047,kmeans,3,1
1049,1048,kmeans,3,2
1050,1049,kmeans,3,2
1051,1050,kmeans,3,1
1052,1051,kmeans,3,2
1053,1052,kmeans,3,2
1054,1053,kmeans,3,2
1055,1054,kmeans,3,2
1056,1055,kmeans,3,1
1057,1056,kmeans,3,1
1058,1057,kmeans,3,2
1059,1058,kmeans,3,2
1060,1059,kmeans,3,1
1061,1060,kmeans,3,1
1062,1061,kmeans,3,0
1063,1062,kmeans,3,2
1064,1063,kmeans,3,0
1065,1064,kmeans,3,1
1066,1065,kmeans,3,1
1067,1066,kmeans,3,2
1068,1067,kmeans,3,2
1069,1068,kmeans,3,0
1070,1069,kmeans,3,2
1071,1070,kmeans,3,2
1072,1071,kmeans,3,0
1073,1072,kmeans,3,2
1074,1073,kmeans,3,0
1075,1074,kmeans,3,2
1076,1075,kmeans,3,2
1077,1076,kmeans,3,2
1078,1077,kmeans,3,2
1079,1078,kmeans,3,0
1080,1079,kmeans,3,2
1081,1080,kmeans,3,2
1082,1081,kmeans,3,2
1083,1082,kmeans,3,2
1084,1083,kmeans,3,2
1085,1084,kmeans,3,1
1086,1085,kmeans,3,0
1087,1086,kmeans,3,2
1088,1087,kmeans,3,2
1089,1088,kmeans,3,1
1090,1089,kmeans,3,2
1091,1090,kmeans,3,1
1092,1091,kmeans,3,2
1093,1092,kmeans,3,2
1094,1093,kmeans,3,2
1095,1094,kmeans,3,0
1096,1095,kmeans,3,2
1097,1096,kmeans,3,2
1098,1097,kmeans,3,1
1099,1098,kmeans,3,2
1100,1099,kmeans,3,0
1101,1100,kmeans,3,2
1102,1101,kmeans,3,2
1103,1102,kmeans,3,1
1104,1103,kmeans,3,1
1105,1104,kmeans,3,2
1106,1105,kmeans,3,2
1107,1106,kmeans,3,2
1108,1107,kmeans,3,2
1109,1108,kmeans,3,2
1110,1109,kmeans,3,1
1111,1110,kmeans,3,2
1112,1111,kmeans,3,1
1113,1112,kmeans,3,1
1114,1113,kmeans,3,2
1115,1114,kmeans,3,2
1116,1115,kmeans,3,1
1117,1116,kmeans,3,2
1118,1117,kmeans,3,0
1119,1118,kmeans,3,2
1120,1119,kmeans,3,2
1121,1120,kmeans,3,2
1122,1121,kmeans,3,2
1123,1122,kmeans,3,2
1124,1123,kmeans,3,2
1125,1124,kmeans,3,0
1126,1125,kmeans,3,2
1127,1126,kmeans,3,0
1128,1127,kmeans,3,1
1129,1128,kmeans,3,2
1130,1129,kmeans,3,2
1131,1130,kmeans,3,0
1132,1131,kmeans,3,2
1133,1132,kmeans,3,2
1134,1133,kmeans,3,0
1135,1134,kmeans,3,2
1136,1135,kmeans,3,2
1137,1136,kmeans,3,2
1138,1137,kmeans,3,2
1139,1138,kmeans,3,2
1140,1139,kmeans,3,1
1141,1140,kmeans,3,1
1142,1141,kmeans,3,2
1143,1142,kmeans,3,2
1144,1143,kmeans,3,0
1145,1144,kmeans,3,2
1146,1145,kmeans,3,2
1147,1146,kmeans,3,2
1148,1147,kmeans,3,1
1149,1148,kmeans,3,2
1150,1149,kmeans,3,1
1151,1150,kmeans,3,2
1152,1151,kmeans,3,0
1153,1152,kmeans,3,2
1154,1153,kmeans,3,0
1155,1154,kmeans,3,1
1156,1155,kmeans,3,0
1157,1156,kmeans,3,0
1158,1157,kmeans,3,2
1159,1158,kmeans,3,2
1160,1159,kmeans,3,2
1161,1160,kmeans,3,2
1162,1161,kmeans,3,1
1163,1162,kmeans,3,1
1164,1163,kmeans,3,1
1165,1164,kmeans,3,1
1166,1165,kmeans,3,0
1167,1166,kmeans,3,2
1168,1167,kmeans,3,2
1169,1168,kmeans,3,1
1170,1169,kmeans,3,1
1171,1170,kmeans,3,0
1172,1171,kmeans,3,2
1173,1172,kmeans,3,2
1174,1173,kmeans,3,2
1175,1174,kmeans,3,2
1176,1175,kmeans,3,1
1177,1176,kmeans,3,0
1178,1177,kmeans,3,1
1179,1178,kmeans,3,1
1180,1179,kmeans,3,2
1181,1180,kmeans,3,2
1182,1181,kmeans,3,1
1183,1182,kmeans,3,1
1184,1183,kmeans,3,2
1185,1184,kmeans,3,2
1186,1185,kmeans,3,1
1187,1186,kmeans,3,1
1188,1187,kmeans,3,2
1189,1188,kmeans,3,2
1190,1189,kmeans,3,1
1191,1190,kmeans,3,0
1192,1191,kmeans,3,2
1193,1192,kmeans,3,0
1194,1193,kmeans,3,2
1195,1194,kmeans,3,1
1196,1195,kmeans,3,2
1197,1196,kmeans,3,1
1198,1197,kmeans,3,1
1199,1198,kmeans,3,1
1200,1199,kmeans,3,1
1201,1200,kmeans,3,0
1202,1201,kmeans,3,1
1203,1202,kmeans,3,2
1204,1203,kmeans,3,2
1205,1204,kmeans,3,2
1206,1205,kmeans,3,2
1207,1206,kmeans,3,2
1208,1207,kmeans,3,2
1209,1208,kmeans,3,1
1210,1209,kmeans,3,1
1211,1210,kmeans,3,2
1212,1211,kmeans,3,2
1213,1212,kmeans,3,1
1214,1213,kmeans,3,2
1215,1214,kmeans,3,0
1216,1215,kmeans,3,2
1217,1216,kmeans,3,0
1218,1217,kmeans,3,1
1219,1218,kmeans,3,2
1220,1219,kmeans,3,1
1221,1220,kmeans,3,1
1222,1221,kmeans,3,1
1223,1222,kmeans,3,2
1224,1223,kmeans,3,2
1225,1224,kmeans,3,0
1226,1225,kmeans,3,1
1227,1226,kmeans,3,2
1228,1227,kmeans,3,2
1229,1228,kmeans,3,1
1230,1229,kmeans,3,1
1231,1230,kmeans,3,2
1232,1231,kmeans,3,0
1233,1232,kmeans,3,1
1234,1233,kmeans,3,1
1235,1234,kmeans,3,2
1236,1235,kmeans,3,2
1237,1236,kmeans,3,2
1238,1237,kmeans,3,1
1239,1238,kmeans,3,2
1240,1239,kmeans,3,2
1241,1240,kmeans,3,2
1242,1241,kmeans,3,2
1243,1242,kmeans,3,2
1244,1243,kmeans,3,1
1245,1244,kmeans,3,2
1246,1245,kmeans,3,1
1247,1246,kmeans,3,0
1248,1247,kmeans,3,2
1249,1248,kmeans,3,2
1250,1249,kmeans,3,1
1251,1250,kmeans,3,2
1252,1251,kmeans,3,2
1253,1252,kmeans,3,2
1254,1253,kmeans,3,2
1255,1254,kmeans,3,1
1256,1255,kmeans,3,2
1257,1256,kmeans,3,1
1258,1257,kmeans,3,1
1259,1258,kmeans,3,2
1260,1259,kmeans,3,2
1261,1260,kmeans,3,2
1262,1261,kmeans,3,1
1263,1262,kmeans,3,2
1264,1263,kmeans,3,1
1265,1264,kmeans,3,2
1266,1265,kmeans,3,1
1267,1266,kmeans,3,2
1268,1267,kmeans,3,2
1269,1268,kmeans,3,0
1270,1269,kmeans,3,1
1271,1270,kmeans,3,1
1272,1271,kmeans,3,2
1273,1272,kmeans,3,2
1274,1273,kmeans,3,2
1275,1274,kmeans,3,1
1276,1275,kmeans,3,2
1277,1276,kmeans,3,0
1278,1277,kmeans,3,1
1279,1278,kmeans,3,1
1280,1279,kmeans,3,2
1281,1280,kmeans,3,1
1282,1281,kmeans,3,1
1283,1282,kmeans,3,2
1284,1283,kmeans,3,2
1285,1284,kmeans,3,2
1286,1285,kmeans,3,2
1287,1286,kmeans,3,1
1288,1287,kmeans,3,2
1289,1288,kmeans,3,2
1290,1289,kmeans,3,1
1291,1290,kmeans,3,0
1292,1291,kmeans,3,1
1293,1292,kmeans,3,1
1294,1293,kmeans,3,0
1295,1294,kmeans,3,2
1296,1295,kmeans,3,2
1297,1296,kmeans,3,1
1298,1297,kmeans,3,0
1299,1298,kmeans,3,1
1300,1299,kmeans,3,1
1301,1300,kmeans,3,2
1302,1301,kmeans,3,2
1303,1302,kmeans,3,2
1304,1303,kmeans,3,2
1305,1304,kmeans,3,1
1306,1305,kmeans,3,2
1307,1306,kmeans,3,2
1308,1307,kmeans,3,2
1309,1308,kmeans,3,1
1310,1309,kmeans,3,1
1311,1310,kmeans,3,2
1312,1311,kmeans,3,0
1313,1312,kmeans,3,2
1314,1313,kmeans,3,2
1315,1314,kmeans,3,2
1316,1315,kmeans,3,1
1317,1316,kmeans,3,1
1318,1317,kmeans,3,2
1319,1318,kmeans,3,0
1320,1319,kmeans,3,2
1321,1320,kmeans,3,1
1322,1321,kmeans,3,2
1323,1322,kmeans,3,2
1324,1323,kmeans,3,0
1325,1324,kmeans,3,1
1326,1325,kmeans,3,1
1327,1326,kmeans,3,2
1328,1327,kmeans,3,2
1329,1328,kmeans,3,0
1330,1329,kmeans,3,2
1331,1330,kmeans,3,2
1332,1331,kmeans,3,2
1333,1332,kmeans,3,0
1334,1333,kmeans,3,1
1335,1334,kmeans,3,1
1336,1335,kmeans,3,2
1337,1336,kmeans,3,2
1338,1337,kmeans,3,1
1339,1338,kmeans,3,2
1340,1339,kmeans,3,2
1341,1340,kmeans,3,2
1342,1341,kmeans,3,2
1343,1342,kmeans,3,2
1344,1343,kmeans,3,2
1345,1344,kmeans,3,2
1346,1345,kmeans,3,1
1347,1346,kmeans,3,2
1348,1347,kmeans,3,1
1349,1348,kmeans,3,0
1350,1349,kmeans,3,2
1351,1350,kmeans,3,2
1352,1351,kmeans,3,2
1353,1352,kmeans,3,2
1354,1353,kmeans,3,0
1355,1354,kmeans,3,1
1356,1355,kmeans,3,2
1357,1356,kmeans,3,1
1358,1357,kmeans,3,2
1359,1358,kmeans,3,1
1360,1359,kmeans,3,2
1361,1360,kmeans,3,1
1362,1361,kmeans,3,2
1363,1362,kmeans,3,2
1364,1363,kmeans,3,2
1365,1364,kmeans,3,2
1366,1365,kmeans,3,0
1367,1366,kmeans,3,2
1368,1367,kmeans,3,1
1369,1368,kmeans,3,2
1370,1369,kmeans,3,1
1371,1370,kmeans,3,1
1372,1371,kmeans,3,2
1373,1372,kmeans,3,2
1374,1373,kmeans,3,2
1375,1374,kmeans,3,1
1376,1375,kmeans,3,2
1377,1376,kmeans,3,2
1378,1377,kmeans,3,2
1379,1378,kmeans,3,2
1380,1379,kmeans,3,2
1381,1380,kmeans,3,2
1382,1381,kmeans,3,1
1383,1382,kmeans,3,2
1384,1383,kmeans,3,2
1385,1384,kmeans,3,1
1386,1385,kmeans,3,2
1387,1386,kmeans,3,1
1388,1387,kmeans,3,0
1389,1388,kmeans,3,2
1390,1389,kmeans,3,0
1391,1390,kmeans,3,2
1392,1391,kmeans,3,2
1393,1392,kmeans,3,1
1394,1393,kmeans,3,1
1395,1394,kmeans,3,1
1396,1395,kmeans,3,1
1397,1396,kmeans,3,2
1398,1397,kmeans,3,2
1399,1398,kmeans,3,1
1400,1399,kmeans,3,2
1401,1400,kmeans,3,2
1402,1401,kmeans,3,2
1403,1402,kmeans,3,1
1404,1403,kmeans,3,1
1405,1404,kmeans,3,1
1406,1405,kmeans,3,2
1407,1406,kmeans,3,2
1408,1407,kmeans,3,1
1409,1408,kmeans,3,2
1410,1409,kmeans,3,2
1411,1410,kmeans,3,1
1412,1411,kmeans,3,2
1413,1412,kmeans,3,2
1414,1413,kmeans,3,2
1415,1414,kmeans,3,2
1416,1415,kmeans,3,2
1417,1416,kmeans,3,0
1418,1417,kmeans,3,2
1419,1418,kmeans,3,2
1420,1419,kmeans,3,2
1421,1420,kmeans,3,2
1422,1421,kmeans,3,1
1423,1422,kmeans,3,1
1424,1423,kmeans,3,2
1425,1424,kmeans,3,2
1426,1425,kmeans,3,1
1427,1426,kmeans,3,2
1428,1427,kmeans,3,0
1429,1428,kmeans,3,2
1430,1429,kmeans,3,2
1431,1430,kmeans,3,1
1432,1431,kmeans,3,2
1433,1432,kmeans,3,1
1434,1433,kmeans,3,0
1435,1434,kmeans,3,1
1436,1435,kmeans,3,2
1437,1436,kmeans,3,1
1438,1437,kmeans,3,2
1439,1438,kmeans,3,1
1440,1439,kmeans,3,2
1441,1440,kmeans,3,2
1442,1441,kmeans,3,1
1443,1442,kmeans,3,0
1444,1443,kmeans,3,1
1445,1444,kmeans,3,2
1446,1445,kmeans,3,2
1447,1446,kmeans,3,1
1448,1447,kmeans,3,2
1449,1448,kmeans,3,2
1450,1449,kmeans,3,2
1451,1450,kmeans,3,2
1452,1451,kmeans,3,2
1453,1452,kmeans,3,2
1454,1453,kmeans,3,1
1455,1454,kmeans,3,1
1456,1455,kmeans,3,2
1457,1456,kmeans,3,1
1458,1457,kmeans,3,1
1459,1458,kmeans,3,1
1460,1459,kmeans,3,2
1461,1460,kmeans,3,1
1462,1461,kmeans,3,2
1463,1462,kmeans,3,2
1464,1463,kmeans,3,2
1465,1464,kmeans,3,2
1466,1465,kmeans,3,1
1467,1466,kmeans,3,2
1468,1467,kmeans,3,2
1469,1468,kmeans,3,2
1470,1469,kmeans,3,2
1471,1470,kmeans,3,0
1472,1471,kmeans,3,2
1473,1472,kmeans,3,2
1474,1473,kmeans,3,2
1475,1474,kmeans,3,1
1476,1475,kmeans,3,2
1477,1476,kmeans,3,1
1478,1477,kmeans,3,1
1479,1478,kmeans,3,2
1480,1479,kmeans,3,2
1481,1480,kmeans,3,1
1482,1481,kmeans,3,0
1483,1482,kmeans,3,2
1484,1483,kmeans,3,2
1485,1484,kmeans,3,2
1486,1485,kmeans,3,2
1487,1486,kmeans,3,2
1488,1487,kmeans,3,2
1489,1488,kmeans,3,2
1490,1489,kmeans,3,0
1491,1490,kmeans,3,1
1492,1491,kmeans,3,2
1493,1492,kmeans,3,1
1494,1493,kmeans,3,2
1495,1494,kmeans,3,1
1496,1495,kmeans,3,0
1497,1496,kmeans,3,2
1498,1497,kmeans,3,2
1499,1498,kmeans,3,0
1500,1499,kmeans,3,2
1501,1500,kmeans,3,2
1502,1501,kmeans,3,1
1503,1502,kmeans,3,2
1504,1503,kmeans,3,0
1505,1504,kmeans,3,2
1506,1505,kmeans,3,2
1507,1506,kmeans,3,2
1508,1507,kmeans,3,0
1509,1508,kmeans,3,1
1510,1509,kmeans,3,2
1511,1510,kmeans,3,2
1512,1511,kmeans,3,1
1513,1512,kmeans,3,0
1514,1513,kmeans,3,2
1515,1514,kmeans,3,1
1516,1515,kmeans,3,2
1517,1516,kmeans,3,2
1518,1517,kmeans,3,2
1519,1518,kmeans,3,2
1520,1519,kmeans,3,2
1521,1520,kmeans,3,2
1522,1521,kmeans,3,0
1523,1522,kmeans,3,1
1524,1523,kmeans,3,1
1525,1524,kmeans,3,2
1526,1525,kmeans,3,2
1527,1526,kmeans,3,2
1528,1527,kmeans,3,2
1529,1528,kmeans,3,0
1530,1529,kmeans,3,2
1531,1530,kmeans,3,1
1532,1531,kmeans,3,2
1533,1532,kmeans,3,2
1534,1533,kmeans,3,1
1535,1534,kmeans,3,0
1536,1535,kmeans,3,2
1537,1536,kmeans,3,0
1538,1537,kmeans,3,2
1539,1538,kmeans,3,1
1540,1539,kmeans,3,2
1541,1540,kmeans,3,2
1542,1541,kmeans,3,1
1543,1542,kmeans,3,2
1544,1543,kmeans,3,1
1545,1544,kmeans,3,2
1546,1545,kmeans,3,0
1547,1546,kmeans,3,2
1548,1547,kmeans,3,1
1549,1548,kmeans,3,1
1550,1549,kmeans,3,2
1551,1550,kmeans,3,1
1552,1551,kmeans,3,2
1553,1552,kmeans,3,2
1554,1553,kmeans,3,2
1555,1554,kmeans,3,2
1556,1555,kmeans,3,1
1557,1556,kmeans,3,2
1558,1557,kmeans,3,2
1559,1558,kmeans,3,2
1560,1559,kmeans,3,2
1561,1560,kmeans,3,2
1562,1561,kmeans,3,1
1563,1562,kmeans,3,2
1564,1563,kmeans,3,1
1565,1564,kmeans,3,0
1566,1565,kmeans,3,2
1567,1566,kmeans,3,0
1568,1567,kmeans,3,2
1569,1568,kmeans,3,2
1570,1569,kmeans,3,1
1571,1570,kmeans,3,2
1572,1571,kmeans,3,2
1573,1572,kmeans,3,2
1574,1573,kmeans,3,1
1575,1574,kmeans,3,0
1576,1575,kmeans,3,2
1577,1576,kmeans,3,2
1578,1577,kmeans,3,2
1579,1578,kmeans,3,2
1580,1579,kmeans,3,2
1581,1580,kmeans,3,0
1582,1581,kmeans,3,0
1583,1582,kmeans,3,2
1584,1583,kmeans,3,2
1585,1584,kmeans,3,2
1586,1585,kmeans,3,1
1587,1586,kmeans,3,2
1588,1587,kmeans,3,2
1589,1588,kmeans,3,1
1590,1589,kmeans,3,1
1591,1590,kmeans,3,2
1592,1591,kmeans,3,2
1593,1592,kmeans,3,1
1594,1593,kmeans,3,2
1595,1594,kmeans,3,0
1596,1595,kmeans,3,2
1597,1596,kmeans,3,1
1598,1597,kmeans,3,2
1599,1598,kmeans,3,2
1600,1599,kmeans,3,2
1601,1600,kmeans,3,1
1602,1601,kmeans,3,2
1603,1602,kmeans,3,2
1604,1603,kmeans,3,2
1605,1604,kmeans,3,1
1606,1605,kmeans,3,2
1607,1606,kmeans,3,0
1608,1607,kmeans,3,1
1609,1608,kmeans,3,2
1610,1609,kmeans,3,2
1611,1610,kmeans,3,2
1612,1611,kmeans,3,2
1613,1612,kmeans,3,1
1614,1613,kmeans,3,2
1615,1614,kmeans,3,1
1616,1615,kmeans,3,2
1617,1616,kmeans,3,2
1618,1617,kmeans,3,2
1619,1618,kmeans,3,1
1620,1619,kmeans,3,1
1621,1620,kmeans,3,1
1622,1621,kmeans,3,1
1623,1622,kmeans,3,2
1624,1623,kmeans,3,0
1625,1624,kmeans,3,2
1626,1625,kmeans,3,1
1627,1626,kmeans,3,2
1628,1627,kmeans,3,0
1629,1628,kmeans,3,2
1630,1629,kmeans,3,2
1631,1630,kmeans,3,2
1632,1631,kmeans,3,0
1633,1632,kmeans,3,0
1634,1633,kmeans,3,2
1635,1634,kmeans,3,2
1636,1635,kmeans,3,2
1637,1636,kmeans,3,2
1638,1637,kmeans,3,1
1639,1638,kmeans,3,2
1640,1639,kmeans,3,0
1641,1640,kmeans,3,2
1642,1641,kmeans,3,1
1643,1642,kmeans,3,2
1644,1643,kmeans,3,2
1645,1644,kmeans,3,2
1646,1645,kmeans,3,0
1647,1646,kmeans,3,1
1648,1647,kmeans,3,0
1649,1648,kmeans,3,0
1650,1649,kmeans,3,1
1651,1650,kmeans,3,1
1652,1651,kmeans,3,2
1653,1652,kmeans,3,2
1654,1653,kmeans,3,2
1655,1654,kmeans,3,1
1656,1655,kmeans,3,1
1657,1656,kmeans,3,1
1658,1657,kmeans,3,1
1659,1658,kmeans,3,2
1660,1659,kmeans,3,0
1661,1660,kmeans,3,2
1662,1661,kmeans,3,2
1663,1662,kmeans,3,2
1664,1663,kmeans,3,2
1665,1664,kmeans,3,1
1666,1665,kmeans,3,2
1667,1666,kmeans,3,2
1668,1667,kmeans,3,2
1669,1668,kmeans,3,0
1670,1669,kmeans,3,0
1671,1670,kmeans,3,2
1672,1671,kmeans,3,2
1673,1672,kmeans,3,0
1674,1673,kmeans,3,0
1675,1674,kmeans,3,0
1676,1675,kmeans,3,2
1677,1676,kmeans,3,1
1678,1677,kmeans,3,2
1679,1678,kmeans,3,2
1680,1679,kmeans,3,1
1681,1680,kmeans,3,2
1682,1681,kmeans,3,2
1683,1682,kmeans,3,1
1684,1683,kmeans,3,0
1685,1684,kmeans,3,2
1686,1685,kmeans,3,2
1687,1686,kmeans,3,2
1688,1687,kmeans,3,1
1689,1688,kmeans,3,2
1690,1689,kmeans,3,1
1691,1690,kmeans,3,2
1692,1691,kmeans,3,0
1693,1692,kmeans,3,1
1694,1693,kmeans,3,1
1695,1694,kmeans,3,0
1696,1695,kmeans,3,0
1697,1696,kmeans,3,2
1698,1697,kmeans,3,1
1699,1698,kmeans,3,2
1700,1699,kmeans,3,1
1701,1700,kmeans,3,1
1702,1701,kmeans,3,2
1703,1702,kmeans,3,2
1704,1703,kmeans,3,2
1705,1704,kmeans,3,2
1706,1705,kmeans,3,2
1707,1706,kmeans,3,2
1708,1707,kmeans,3,2
1709,1708,kmeans,3,2
1710,1709,kmeans,3,2
1711,1710,kmeans,3,1
1712,1711,kmeans,3,1
1713,1712,kmeans,3,1
1714,1713,kmeans,3,0
1715,1714,kmeans,3,2
1716,1715,kmeans,3,1
1717,1716,kmeans,3,2
1718,1717,kmeans,3,2
1719,1718,kmeans,3,0
1720,1719,kmeans,3,1
1721,1720,kmeans,3,1
1722,1721,kmeans,3,2
1723,1722,kmeans,3,1
1724,1723,kmeans,3,1
1725,1724,kmeans,3,1
1726,1725,kmeans,3,2
1727,1726,kmeans,3,2
1728,1727,kmeans,3,2
1729,1728,kmeans,3,1
1730,1729,kmeans,3,2
1731,1730,kmeans,3,1
1732,1731,kmeans,3,2
1733,1732,kmeans,3,2
1734,1733,kmeans,3,2
1735,1734,kmeans,3,2
1736,1735,kmeans,3,2
1737,1736,kmeans,3,2
1738,1737,kmeans,3,2
1739,1738,kmeans,3,2
1740,1739,kmeans,3,2
1741,1740,kmeans,3,2
1742,1741,kmeans,3,2
1743,1742,kmeans,3,2
1744,1743,kmeans,3,2
1745,1744,kmeans,3,1
1746,1745,kmeans,3,2
1747,1746,kmeans,3,2
1748,1747,kmeans,3,1
1749,1748,kmeans,3,2
1750,1749,kmeans,3,0
1751,1750,kmeans,3,2
1752,1751,kmeans,3,2
1753,1752,kmeans,3,1
1754,1753,kmeans,3,2
1755,1754,kmeans,3,1
1756,1755,kmeans,3,2
1757,1756,kmeans,3,1
1758,1757,kmeans,3,1
1759,1758,kmeans,3,1
1760,1759,kmeans,3,2
1761,1760,kmeans,3,0
1762,1761,kmeans,3,0
1763,1762,kmeans,3,2
1764,1763,kmeans,3,2
1765,1764,kmeans,3,1
1766,1765,kmeans,3,1
1767,1766,kmeans,3,2
1768,1767,kmeans,3,2
1769,1768,kmeans,3,2
1770,1769,kmeans,3,2
1771,1770,kmeans,3,2
1772,1771,kmeans,3,2
1773,1772,kmeans,3,1
1774,1773,kmeans,3,1
1775,1774,kmeans,3,2
1776,1775,kmeans,3,2
1777,1776,kmeans,3,1
1778,1777,kmeans,3,1
1779,1778,kmeans,3,1
1780,1779,kmeans,3,2
1781,1780,kmeans,3,2
1782,1781,kmeans,3,1
1783,1782,kmeans,3,2
1784,1783,kmeans,3,1
1785,1784,kmeans,3,1
1786,1785,kmeans,3,2
1787,1786,kmeans,3,0
1788,1787,kmeans,3,1
1789,1788,kmeans,3,1
1790,1789,kmeans,3,1
1791,1790,kmeans,3,1
1792,1791,kmeans,3,2
1793,1792,kmeans,3,0
1794,1793,kmeans,3,2
1795,1794,kmeans,3,2
1796,1795,kmeans,3,0
1797,1796,kmeans,3,2
1798,1797,kmeans,3,2
1799,1798,kmeans,3,2
1800,1799,kmeans,3,2
1801,1800,kmeans,3,2
1802,1801,kmeans,3,2
1803,1802,kmeans,3,1
1804,1803,kmeans,3,0
1805,1804,kmeans,3,1
1806,1805,kmeans,3,0
1807,1806,kmeans,3,1
1808,1807,kmeans,3,0
1809,1808,kmeans,3,2
1810,1809,kmeans,3,0
1811,1810,kmeans,3,2
1812,1811,kmeans,3,2
1813,1812,kmeans,3,1
1814,1813,kmeans,3,2
1815,1814,kmeans,3,2
1816,1815,kmeans,3,2
1817,1816,kmeans,3,2
1818,1817,kmeans,3,2
1819,1818,kmeans,3,0
1820,1819,kmeans,3,0
1821,1820,kmeans,3,2
1822,1821,kmeans,3,2
1823,1822,kmeans,3,2
1824,1823,kmeans,3,2
1825,1824,kmeans,3,1
1826,1825,kmeans,3,2
1827,1826,kmeans,3,1
1828,1827,kmeans,3,2
1829,1828,kmeans,3,1
1830,1829,kmeans,3,2
1831,1830,kmeans,3,2
1832,1831,kmeans,3,2
1833,1832,kmeans,3,1
1834,1833,kmeans,3,2
1835,1834,kmeans,3,1
1836,1835,kmeans,3,2
1837,1836,kmeans,3,2
1838,1837,kmeans,3,0
1839,1838,kmeans,3,1
1840,1839,kmeans,3,2
1841,1840,kmeans,3,1
1842,1841,kmeans,3,2
1843,1842,kmeans,3,2
1844,1843,kmeans,3,2
1845,1844,kmeans,3,2
1846,1845,kmeans,3,0
1847,1846,kmeans,3,1
1848,1847,kmeans,3,2
1849,1848,kmeans,3,2
1850,1849,kmeans,3,1
1851,1850,kmeans,3,2
1852,1851,kmeans,3,2
1853,1852,kmeans,3,0
1854,1853,kmeans,3,2
1855,1854,kmeans,3,2
1856,1855,kmeans,3,2
1857,1856,kmeans,3,2
1858,1857,kmeans,3,2
1859,1858,kmeans,3,2
1860,1859,kmeans,3,2
1861,1860,kmeans,3,2
1862,1861,kmeans,3,2
1863,1862,kmeans,3,1
1864,1863,kmeans,3,2
1865,1864,kmeans,3,1
1866,1865,kmeans,3,2
1867,1866,kmeans,3,2
1868,1867,kmeans,3,0
1869,1868,kmeans,3,2
1870,1869,kmeans,3,2
1871,1870,kmeans,3,0
1872,1871,kmeans,3,1
1873,1872,kmeans,3,1
1874,1873,kmeans,3,0
1875,1874,kmeans,3,2
1876,1875,kmeans,3,2
1877,1876,kmeans,3,1
1878,1877,kmeans,3,1
1879,1878,kmeans,3,2
1880,1879,kmeans,3,2
1881,1880,kmeans,3,1
1882,1881,kmeans,3,2
1883,1882,kmeans,3,2
1884,1883,kmeans,3,2
1885,1884,kmeans,3,2
1886,1885,kmeans,3,2
1887,1886,kmeans,3,2
1888,1887,kmeans,3,1
1889,1888,kmeans,3,2
1890,1889,kmeans,3,2
1891,1890,kmeans,3,1
1892,1891,kmeans,3,2
1893,1892,kmeans,3,2
1894,1893,kmeans,3,2
1895,1894,kmeans,3,2
1896,1895,kmeans,3,2
1897,1896,kmeans,3,2
1898,1897,kmeans,3,2
1899,1898,kmeans,3,2
1900,1899,kmeans,3,1
1901,1900,kmeans,3,1
1902,1901,kmeans,3,2
1903,1902,kmeans,3,2
1904,1903,kmeans,3,2
1905,1904,kmeans,3,1
1906,1905,kmeans,3,1
1907,1906,kmeans,3,1
1908,1907,kmeans,3,2
1909,1908,kmeans,3,1
1910,1909,kmeans,3,2
1911,1910,kmeans,3,1
1912,1911,kmeans,3,1
1913,1912,kmeans,3,2
1914,1913,kmeans,3,0
1915,1914,kmeans,3,2
1916,1915,kmeans,3,2
1917,1916,kmeans,3,1
1918,1917,kmeans,3,2
1919,1918,kmeans,3,2
1920,1919,kmeans,3,1
1921,1920,kmeans,3,2
1922,1921,kmeans,3,2
1923,1922,kmeans,3,2
1924,1923,kmeans,3,2
1925,1924,kmeans,3,0
1926,1925,kmeans,3,0
1927,1926,kmeans,3,1
1928,1927,kmeans,3,2
1929,1928,kmeans,3,2
1930,1929,kmeans,3,2
1931,1930,kmeans,3,2
1932,1931,kmeans,3,2
1933,1932,kmeans,3,1
1934,1933,kmeans,3,1
1935,1934,kmeans,3,0
1936,1935,kmeans,3,1
1937,1936,kmeans,3,1
1938,1937,kmeans,3,2
1939,1938,kmeans,3,1
1940,1939,kmeans,3,2
1941,1940,kmeans,3,0
1942,1941,kmeans,3,1
1943,1942,kmeans,3,2
1944,1943,kmeans,3,0
1945,1944,kmeans,3,1
1946,1945,kmeans,3,1
1947,1946,kmeans,3,2
1948,1947,kmeans,3,2
1949,1948,kmeans,3,2
1950,1949,kmeans,3,2
1951,1950,kmeans,3,1
1952,1951,kmeans,3,2
1953,1952,kmeans,3,2
1954,1953,kmeans,3,2
1955,1954,kmeans,3,1
1956,1955,kmeans,3,2
1957,1956,kmeans,3,2
1958,1957,kmeans,3,2
1959,1958,kmeans,3,2
1960,1959,kmeans,3,1
1961,1960,kmeans,3,2
1962,1961,kmeans,3,2
1963,1962,kmeans,3,1
1964,1963,kmeans,3,1
1965,1964,kmeans,3,2
1966,1965,kmeans,3,2
1967,1966,kmeans,3,2
1968,1967,kmeans,3,2
1969,1968,kmeans,3,1
1970,1969,kmeans,3,2
1971,1970,kmeans,3,2
1972,1971,kmeans,3,2
1973,1972,kmeans,3,2
1974,1973,kmeans,3,2
1975,1974,kmeans,3,2
1976,1975,kmeans,3,0
1977,1976,kmeans,3,2
1978,1977,kmeans,3,1
1979,1978,kmeans,3,2
1980,1979,kmeans,3,2
1981,1980,kmeans,3,2
1982,1981,kmeans,3,1
1983,1982,kmeans,3,1
1984,1983,kmeans,3,2
1985,1984,kmeans,3,0
1986,1985,kmeans,3,1
1987,1986,kmeans,3,2
1988,1987,kmeans,3,1
1989,1988,kmeans,3,0
1990,1989,kmeans,3,1
1991,1990,kmeans,3,0
1992,1991,kmeans,3,2
1993,1992,kmeans,3,2
1994,1993,kmeans,3,1
1995,1994,kmeans,3,2
1996,1995,kmeans,3,2
1997,1996,kmeans,3,1
1998,1997,kmeans,3,2
1999,1998,kmeans,3,2
2000,1999,kmeans,3,0
2001,2000,kmeans,3,2
2002,2001,kmeans,3,0
2003,2002,kmeans,3,1
2004,2003,kmeans,3,2
2005,2004,kmeans,3,2
2006,2005,kmeans,3,2
2007,2006,kmeans,3,1
2008,2007,kmeans,3,0
2009,2008,kmeans,3,1
2010,2009,kmeans,3,2
2011,2010,kmeans,3,1
2012,2011,kmeans,3,0
2013,2012,kmeans,3,2
2014,2013,kmeans,3,1
2015,2014,kmeans,3,1
2016,2015,kmeans,3,1
2017,2016,kmeans,3,2
2018,2017,kmeans,3,2
2019,2018,kmeans,3,2
2020,2019,kmeans,3,2
2021,2020,kmeans,3,0
2022,2021,kmeans,3,1
2023,2022,kmeans,3,1
2024,2023,kmeans,3,2
2025,2024,kmeans,3,1
2026,2025,kmeans,3,2
2027,2026,kmeans,3,2
2028,2027,kmeans,3,1
2029,2028,kmeans,3,2
2030,2029,kmeans,3,2
2031,2030,kmeans,3,2
2032,2031,kmeans,3,0
2033,2032,kmeans,3,1
2034,2033,kmeans,3,2
2035,2034,kmeans,3,1
2036,2035,kmeans,3,2
2037,2036,kmeans,3,1
2038,2037,kmeans,3,1
2039,2038,kmeans,3,2
2040,2039,kmeans,3,2
2041,2040,kmeans,3,2
2042,2041,kmeans,3,1
2043,2042,kmeans,3,1
2044,2043,kmeans,3,0
2045,2044,kmeans,3,2
2046,2045,kmeans,3,2
2047,2046,kmeans,3,0
2048,2047,kmeans,3,2
2049,2048,kmeans,3,1
2050,2049,kmeans,3,2
2051,2050,kmeans,3,2
2052,2051,kmeans,3,2
2053,2052,kmeans,3,2
2054,2053,kmeans,3,0
2055,2054,kmeans,3,0
2056,2055,kmeans,3,2
2057,2056,kmeans,3,0
2058,2057,kmeans,3,0
2059,2058,kmeans,3,2
2060,2059,kmeans,3,2
2061,2060,kmeans,3,2
2062,2061,kmeans,3,1
2063,2062,kmeans,3,2
2064,2063,kmeans,3,2
2065,2064,kmeans,3,2
2066,2065,kmeans,3,2
2067,2066,kmeans,3,2
2068,2067,kmeans,3,2
2069,2068,kmeans,3,1
2070,2069,kmeans,3,2
2071,2070,kmeans,3,2
2072,2071,kmeans,3,2
2073,2072,kmeans,3,2
2074,2073,kmeans,3,2
2075,2074,kmeans,3,1
2076,2075,kmeans,3,0
2077,2076,kmeans,3,2
2078,2077,kmeans,3,2
2079,2078,kmeans,3,2
2080,2079,kmeans,3,2
2081,2080,kmeans,3,1
2082,2081,kmeans,3,2
2083,2082,kmeans,3,1
2084,2083,kmeans,3,2
2085,2084,kmeans,3,0
2086,2085,kmeans,3,2
2087,2086,kmeans,3,2
2088,2087,kmeans,3,2
2089,2088,kmeans,3,2
2090,2089,kmeans,3,1
2091,2090,kmeans,3,2
2092,2091,kmeans,3,2
2093,2092,kmeans,3,2
2094,2093,kmeans,3,2
2095,2094,kmeans,3,1
2096,2095,kmeans,3,2
2097,2096,kmeans,3,0
2098,2097,kmeans,3,2
2099,2098,kmeans,3,2
2100,2099,kmeans,3,2
2101,2100,kmeans,3,2
2102,2101,kmeans,3,2
2103,2102,kmeans,3,2
2104,2103,kmeans,3,1
2105,2104,kmeans,3,1
2106,2105,kmeans,3,2
2107,2106,kmeans,3,2
2108,2107,kmeans,3,2
2109,2108,kmeans,3,0
2110,2109,kmeans,3,1
2111,2110,kmeans,3,0
2112,2111,kmeans,3,2
2113,2112,kmeans,3,1
2114,2113,kmeans,3,2
2115,2114,kmeans,3,2
2116,2115,kmeans,3,2
2117,2116,kmeans,3,1
2118,2117,kmeans,3,2
2119,2118,kmeans,3,0
2120,2119,kmeans,3,1
2121,2120,kmeans,3,2
2122,2121,kmeans,3,2
2123,2122,kmeans,3,2
2124,2123,kmeans,3,1
2125,2124,kmeans,3,2
2126,2125,kmeans,3,2
2127,2126,kmeans,3,2
2128,2127,kmeans,3,1
2129,2128,kmeans,3,2
2130,2129,kmeans,3,2
2131,2130,kmeans,3,2
2132,2131,kmeans,3,2
2133,2132,kmeans,3,1
2134,2133,kmeans,3,2
2135,2134,kmeans,3,2
2136,2135,kmeans,3,2
2137,2136,kmeans,3,1
2138,2137,kmeans,3,1
2139,2138,kmeans,3,0
2140,2139,kmeans,3,0
2141,2140,kmeans,3,2
2142,2141,kmeans,3,1
2143,2142,kmeans,3,2
2144,2143,kmeans,3,1
2145,2144,kmeans,3,0
2146,2145,kmeans,3,2
2147,2146,kmeans,3,2
2148,2147,kmeans,3,2
2149,2148,kmeans,3,2
2150,2149,kmeans,3,2
2151,2150,kmeans,3,2
2152,2151,kmeans,3,2
2153,2152,kmeans,3,1
2154,2153,kmeans,3,2
2155,2154,kmeans,3,0
2156,2155,kmeans,3,0
2157,2156,kmeans,3,0
2158,2157,kmeans,3,1
2159,2158,kmeans,3,1
2160,2159,kmeans,3,1
2161,2160,kmeans,3,1
2162,2161,kmeans,3,2
2163,2162,kmeans,3,0
2164,2163,kmeans,3,2
2165,2164,kmeans,3,1
2166,2165,kmeans,3,2
2167,2166,kmeans,3,0
2168,2167,kmeans,3,0
2169,2168,kmeans,3,0
2170,2169,kmeans,3,1
2171,2170,kmeans,3,1
2172,2171,kmeans,3,2
2173,2172,kmeans,3,2
2174,2173,kmeans,3,2
2175,2174,kmeans,3,2
2176,2175,kmeans,3,1
2177,2176,kmeans,3,2
2178,2177,kmeans,3,1
2179,2178,kmeans,3,1
2180,2179,kmeans,3,2
2181,2180,kmeans,3,1
2182,2181,kmeans,3,1
2183,2182,kmeans,3,1
2184,2183,kmeans,3,1
2185,2184,kmeans,3,1
2186,2185,kmeans,3,2
2187,2186,kmeans,3,2
2188,2187,kmeans,3,2
2189,2188,kmeans,3,2
2190,2189,kmeans,3,2
2191,2190,kmeans,3,2
2192,2191,kmeans,3,2
2193,2192,kmeans,3,2
2194,2193,kmeans,3,1
2195,2194,kmeans,3,2
2196,2195,kmeans,3,2
2197,2196,kmeans,3,2
2198,2197,kmeans,3,2
2199,2198,kmeans,3,2
2200,2199,kmeans,3,1
2201,2200,kmeans,3,1
2202,2201,kmeans,3,2
2203,2202,kmeans,3,2
2204,2203,kmeans,3,2
2205,2204,kmeans,3,1
2206,2205,kmeans,3,2
2207,2206,kmeans,3,2
2208,2207,kmeans,3,2
2209,2208,kmeans,3,1
2210,2209,kmeans,3,2
2211,2210,kmeans,3,0
2212,2211,kmeans,3,2
2213,2212,kmeans,3,2
2214,2213,kmeans,3,0
2215,2214,kmeans,3,1
2216,2215,kmeans,3,1
2217,2216,kmeans,3,2
2218,2217,kmeans,3,1
2219,2218,kmeans,3,1
2220,2219,kmeans,3,2
2221,2220,kmeans,3,2
2222,2221,kmeans,3,2
2223,2222,kmeans,3,2
2224,2223,kmeans,3,2
2225,2224,kmeans,3,2
2226,2225,kmeans,3,2
2227,2226,kmeans,3,2
2228,2227,kmeans,3,0
2229,2228,kmeans,3,0
2230,2229,kmeans,3,1
2231,2230,kmeans,3,2
2232,2231,kmeans,3,2
2233,2232,kmeans,3,2
2234,2233,kmeans,3,1
2235,2234,kmeans,3,1
2236,2235,kmeans,3,2
2237,2236,kmeans,3,2
2238,2237,kmeans,3,0
2239,2238,kmeans,3,1
2240,2239,kmeans,3,2
2241,2240,kmeans,3,2
2242,2241,kmeans,3,2
2243,2242,kmeans,3,2
2244,2243,kmeans,3,1
2245,2244,kmeans,3,2
2246,2245,kmeans,3,1
2247,2246,kmeans,3,2
2248,2247,kmeans,3,0
2249,2248,kmeans,3,2
2250,2249,kmeans,3,2
2251,2250,kmeans,3,0
2252,2251,kmeans,3,1
2253,2252,kmeans,3,1
2254,2253,kmeans,3,2
2255,2254,kmeans,3,2
2256,2255,kmeans,3,1
2257,2256,kmeans,3,2
2258,2257,kmeans,3,1
2259,2258,kmeans,3,1
2260,2259,kmeans,3,1
2261,2260,kmeans,3,2
2262,2261,kmeans,3,2
2263,2262,kmeans,3,2
2264,2263,kmeans,3,0
2265,2264,kmeans,3,0
2266,2265,kmeans,3,2
2267,2266,kmeans,3,2
2268,2267,kmeans,3,1
2269,2268,kmeans,3,1
2270,2269,kmeans,3,2
2271,2270,kmeans,3,1
2272,2271,kmeans,3,2
2273,2272,kmeans,3,0
2274,2273,kmeans,3,1
2275,2274,kmeans,3,2
2276,2275,kmeans,3,2
2277,2276,kmeans,3,2
2278,2277,kmeans,3,2
2279,2278,kmeans,3,1
2280,2279,kmeans,3,2
2281,2280,kmeans,3,2
2282,2281,kmeans,3,2
2283,2282,kmeans,3,1
2284,2283,kmeans,3,2
2285,2284,kmeans,3,1
2286,2285,kmeans,3,2
2287,2286,kmeans,3,2
2288,2287,kmeans,3,1
2289,2288,kmeans,3,2
2290,2289,kmeans,3,2
2291,2290,kmeans,3,2
2292,2291,kmeans,3,2
2293,2292,kmeans,3,2
2294,2293,kmeans,3,1
2295,2294,kmeans,3,1
2296,2295,kmeans,3,2
2297,2296,kmeans,3,1
2298,2297,kmeans,3,2
2299,2298,kmeans,3,2
2300,2299,kmeans,3,1
2301,2300,kmeans,3,2
2302,2301,kmeans,3,2
2303,2302,kmeans,3,2
2304,2303,kmeans,3,2
2305,2304,kmeans,3,0
2306,2305,kmeans,3,1
2307,2306,kmeans,3,2
2308,2307,kmeans,3,1
2309,2308,kmeans,3,2
2310,2309,kmeans,3,2
2311,2310,kmeans,3,2
2312,2311,kmeans,3,2
2313,2312,kmeans,3,0
2314,2313,kmeans,3,1
2315,2314,kmeans,3,1
2316,2315,kmeans,3,1
2317,2316,kmeans,3,2
2318,2317,kmeans,3,2
2319,2318,kmeans,3,2
2320,2319,kmeans,3,2
2321,2320,kmeans,3,2
2322,2321,kmeans,3,2
2323,2322,kmeans,3,2
2324,2323,kmeans,3,1
2325,2324,kmeans,3,2
2326,2325,kmeans,3,2
2327,2326,kmeans,3,2
2328,2327,kmeans,3,2
2329,2328,kmeans,3,2
2330,2329,kmeans,3,1
2331,2330,kmeans,3,0
2332,2331,kmeans,3,0
2333,2332,kmeans,3,1
2334,2333,kmeans,3,2
2335,2334,kmeans,3,2
2336,2335,kmeans,3,1
2337,2336,kmeans,3,0
2338,2337,kmeans,3,0
2339,2338,kmeans,3,2
2340,2339,kmeans,3,0
2341,2340,kmeans,3,2
2342,2341,kmeans,3,0
2343,2342,kmeans,3,2
2344,2343,kmeans,3,2
2345,2344,kmeans,3,1
2346,2345,kmeans,3,2
2347,2346,kmeans,3,2
2348,2347,kmeans,3,2
2349,2348,kmeans,3,2
2350,2349,kmeans,3,2
2351,2350,kmeans,3,1
2352,2351,kmeans,3,1
2353,2352,kmeans,3,1
2354,2353,kmeans,3,0
2355,2354,kmeans,3,2
2356,2355,kmeans,3,2
2357,2356,kmeans,3,2
2358,2357,kmeans,3,1
2359,2358,kmeans,3,2
2360,2359,kmeans,3,2
2361,2360,kmeans,3,2
2362,2361,kmeans,3,1
2363,2362,kmeans,3,1
2364,2363,kmeans,3,2
2365,2364,kmeans,3,1
2366,2365,kmeans,3,2
2367,2366,kmeans,3,2
2368,2367,kmeans,3,2
2369,2368,kmeans,3,2
2370,2369,kmeans,3,0
2371,2370,kmeans,3,1
2372,2371,kmeans,3,2
2373,2372,kmeans,3,2
2374,2373,kmeans,3,2
2375,2374,kmeans,3,1
2376,2375,kmeans,3,1
2377,2376,kmeans,3,2
2378,2377,kmeans,3,2
2379,2378,kmeans,3,1
2380,2379,kmeans,3,1
2381,2380,kmeans,3,2
2382,2381,kmeans,3,1
2383,2382,kmeans,3,2
2384,2383,kmeans,3,0
2385,2384,kmeans,3,2
2386,2385,kmeans,3,2
2387,2386,kmeans,3,2
2388,2387,kmeans,3,1
2389,2388,kmeans,3,1
2390,2389,kmeans,3,2
2391,2390,kmeans,3,1
2392,2391,kmeans,3,1
2393,2392,kmeans,3,2
2394,2393,kmeans,3,2
2395,2394,kmeans,3,0
2396,2395,kmeans,3,2
2397,2396,kmeans,3,1
2398,2397,kmeans,3,0
2399,2398,kmeans,3,1
2400,2399,kmeans,3,0
2401,2400,kmeans,3,2
2402,2401,kmeans,3,2
2403,2402,kmeans,3,1
2404,2403,kmeans,3,1
2405,2404,kmeans,3,1
2406,2405,kmeans,3,2
2407,2406,kmeans,3,2
2408,2407,kmeans,3,1
2409,2408,kmeans,3,2
2410,2409,kmeans,3,2
2411,2410,kmeans,3,2
2412,2411,kmeans,3,2
2413,2412,kmeans,3,2
2414,2413,kmeans,3,2
2415,2414,kmeans,3,2
2416,2415,kmeans,3,1
2417,2416,kmeans,3,2
2418,2417,kmeans,3,2
2419,2418,kmeans,3,2
2420,2419,kmeans,3,2
2421,2420,kmeans,3,2
2422,2421,kmeans,3,1
2423,2422,kmeans,3,1
2424,2423,kmeans,3,2
2425,2424,kmeans,3,2
2426,2425,kmeans,3,2
2427,2426,kmeans,3,2
2428,2427,kmeans,3,2
2429,2428,kmeans,3,2
2430,2429,kmeans,3,2
2431,2430,kmeans,3,2
2432,2431,kmeans,3,1
2433,2432,kmeans,3,2
2434,2433,kmeans,3,1
2435,2434,kmeans,3,1
2436,2435,kmeans,3,1
2437,2436,kmeans,3,0
2438,2437,kmeans,3,0
2439,2438,kmeans,3,0
2440,2439,kmeans,3,1
2441,2440,kmeans,3,2
2442,2441,kmeans,3,0
2443,2442,kmeans,3,1
2444,2443,kmeans,3,2
2445,2444,kmeans,3,2
2446,2445,kmeans,3,2
2447,2446,kmeans,3,0
2448,2447,kmeans,3,1
2449,2448,kmeans,3,1
2450,2449,kmeans,3,2
2451,2450,kmeans,3,2
2452,2451,kmeans,3,2
2453,2452,kmeans,3,2
2454,2453,kmeans,3,2
2455,2454,kmeans,3,1
2456,2455,kmeans,3,2
2457,2456,kmeans,3,0
2458,2457,kmeans,3,2
2459,2458,kmeans,3,1
2460,2459,kmeans,3,1
2461,2460,kmeans,3,2
2462,2461,kmeans,3,2
2463,2462,kmeans,3,0
2464,2463,kmeans,3,2
2465,2464,kmeans,3,2
2466,2465,kmeans,3,2
2467,2466,kmeans,3,2
2468,2467,kmeans,3,2
2469,2468,kmeans,3,2
2470,2469,kmeans,3,2
2471,2470,kmeans,3,2
2472,2471,kmeans,3,2
2473,2472,kmeans,3,2
2474,2473,kmeans,3,2
2475,2474,kmeans,3,1
2476,2475,kmeans,3,1
2477,2476,kmeans,3,1
2478,2477,kmeans,3,1
2479,2478,kmeans,3,0
2480,2479,kmeans,3,2
2481,2480,kmeans,3,0
2482,2481,kmeans,3,1
2483,2482,kmeans,3,1
2484,2483,kmeans,3,2
2485,2484,kmeans,3,2
2486,2485,kmeans,3,1
2487,2486,kmeans,3,2
2488,2487,kmeans,3,2
2489,2488,kmeans,3,1
2490,2489,kmeans,3,1
2491,2490,kmeans,3,2
2492,2491,kmeans,3,1
2493,2492,kmeans,3,2
2494,2493,kmeans,3,0
2495,2494,kmeans,3,2
2496,2495,kmeans,3,0
2497,2496,kmeans,3,2
2498,2497,kmeans,3,1
2499,2498,kmeans,3,1
2500,2499,kmeans,3,1
2501,2500,kmeans,3,2
2502,2501,kmeans,3,1
2503,2502,kmeans,3,2
2504,2503,kmeans,3,1
2505,2504,kmeans,3,2
2506,2505,kmeans,3,1
2507,2506,kmeans,3,1
2508,2507,kmeans,3,0
2509,2508,kmeans,3,1
2510,2509,kmeans,3,1
2511,2510,kmeans,3,2
2512,2511,kmeans,3,2
2513,2512,kmeans,3,2
2514,2513,kmeans,3,2
2515,2514,kmeans,3,2
2516,2515,kmeans,3,1
2517,2516,kmeans,3,2
2518,2517,kmeans,3,2
2519,2518,kmeans,3,2
2520,2519,kmeans,3,1
2521,2520,kmeans,3,1
2522,2521,kmeans,3,1
2523,2522,kmeans,3,2
2524,2523,kmeans,3,2
2525,2524,kmeans,3,2
2526,2525,kmeans,3,2
2527,2526,kmeans,3,1
2528,2527,kmeans,3,2
2529,2528,kmeans,3,1
2530,2529,kmeans,3,2
2531,2530,kmeans,3,2
2532,2531,kmeans,3,2
2533,2532,kmeans,3,0
2534,2533,kmeans,3,2
2535,2534,kmeans,3,1
2536,2535,kmeans,3,2
2537,2536,kmeans,3,2
2538,2537,kmeans,3,1
2539,2538,kmeans,3,1
2540,2539,kmeans,3,0
2541,2540,kmeans,3,1
2542,2541,kmeans,3,2
2543,2542,kmeans,3,2
2544,2543,kmeans,3,1
2545,2544,kmeans,3,2
2546,2545,kmeans,3,2
2547,2546,kmeans,3,2
2548,2547,kmeans,3,2
2549,2548,kmeans,3,2
2550,2549,kmeans,3,2
2551,2550,kmeans,3,2
2552,2551,kmeans,3,1
2553,2552,kmeans,3,1
2554,2553,kmeans,3,2
2555,2554,kmeans,3,1
2556,2555,kmeans,3,1
2557,2556,kmeans,3,1
2558,2557,kmeans,3,2
2559,2558,kmeans,3,1
2560,2559,kmeans,3,1
2561,2560,kmeans,3,2
2562,2561,kmeans,3,2
2563,2562,kmeans,3,2
2564,2563,kmeans,3,2
2565,2564,kmeans,3,1
2566,2565,kmeans,3,2
2567,2566,kmeans,3,1
2568,2567,kmeans,3,0
2569,2568,kmeans,3,1
2570,2569,kmeans,3,2
2571,2570,kmeans,3,2
2572,2571,kmeans,3,1
2573,2572,kmeans,3,0
2574,2573,kmeans,3,2
2575,2574,kmeans,3,1
2576,2575,kmeans,3,1
2577,2576,kmeans,3,2
2578,2577,kmeans,3,2
2579,2578,kmeans,3,2
2580,2579,kmeans,3,2
2581,2580,kmeans,3,2
2582,2581,kmeans,3,2
2583,2582,kmeans,3,2
2584,2583,kmeans,3,2
2585,2584,kmeans,3,2
2586,2585,kmeans,3,2
2587,2586,kmeans,3,2
2588,2587,kmeans,3,1
2589,2588,kmeans,3,1
2590,2589,kmeans,3,2
2591,2590,kmeans,3,1
2592,2591,kmeans,3,2
2593,2592,kmeans,3,1
2594,2593,kmeans,3,0
2595,2594,kmeans,3,2
2596,2595,kmeans,3,2
2597,2596,kmeans,3,0
2598,2597,kmeans,3,0
2599,2598,kmeans,3,1
2600,2599,kmeans,3,2
2601,2600,kmeans,3,1
2602,2601,kmeans,3,1
2603,2602,kmeans,3,1
2604,2603,kmeans,3,2
2605,2604,kmeans,3,0
2606,2605,kmeans,3,2
2607,2606,kmeans,3,2
2608,2607,kmeans,3,2
2609,2608,kmeans,3,2
2610,2609,kmeans,3,2
2611,2610,kmeans,3,2
2612,2611,kmeans,3,2
2613,2612,kmeans,3,1
2614,2613,kmeans,3,2
2615,2614,kmeans,3,2
2616,2615,kmeans,3,1
2617,2616,kmeans,3,2
2618,2617,kmeans,3,2
2619,2618,kmeans,3,2
2620,2619,kmeans,3,2
2621,2620,kmeans,3,2
2622,2621,kmeans,3,2
2623,2622,kmeans,3,1
2624,2623,kmeans,3,1
2625,2624,kmeans,3,2
2626,2625,kmeans,3,2
2627,2626,kmeans,3,2
2628,2627,kmeans,3,2
2629,2628,kmeans,3,0
2630,2629,kmeans,3,2
2631,2630,kmeans,3,0
2632,2631,kmeans,3,1
2633,2632,kmeans,3,2
2634,2633,kmeans,3,1
2635,2634,kmeans,3,2
2636,2635,kmeans,3,1
2637,2636,kmeans,3,2
2638,2637,kmeans,3,2
2639,2638,kmeans,3,1
2640,2639,kmeans,3,2
2641,2640,kmeans,3,1
2642,2641,kmeans,3,2
2643,2642,kmeans,3,0
2644,2643,kmeans,3,2
2645,2644,kmeans,3,2
2646,2645,kmeans,3,1
2647,2646,kmeans,3,0
2648,2647,kmeans,3,2
2649,2648,kmeans,3,1
2650,2649,kmeans,3,2
2651,2650,kmeans,3,2
2652,2651,kmeans,3,1
2653,2652,kmeans,3,2
2654,2653,kmeans,3,2
2655,2654,kmeans,3,2
2656,2655,kmeans,3,2
2657,2656,kmeans,3,2
2658,2657,kmeans,3,2
2659,2658,kmeans,3,2
2660,2659,kmeans,3,2
2661,2660,kmeans,3,2
2662,2661,kmeans,3,2
2663,2662,kmeans,3,2
2664,2663,kmeans,3,1
2665,2664,kmeans,3,2
2666,2665,kmeans,3,1
2667,2666,kmeans,3,1
2668,2667,kmeans,3,1
2669,2668,kmeans,3,2
2670,2669,kmeans,3,2
2671,2670,kmeans,3,2
2672,2671,kmeans,3,1
2673,2672,kmeans,3,1
2674,2673,kmeans,3,2
2675,2674,kmeans,3,1
2676,2675,kmeans,3,2
2677,2676,kmeans,3,2
2678,2677,kmeans,3,2
2679,2678,kmeans,3,1
2680,2679,kmeans,3,0
2681,2680,kmeans,3,2
2682,2681,kmeans,3,2
2683,2682,kmeans,3,0
2684,2683,kmeans,3,2
2685,2684,kmeans,3,2
2686,2685,kmeans,3,2
2687,2686,kmeans,3,2
2688,2687,kmeans,3,2
2689,2688,kmeans,3,2
2690,2689,kmeans,3,0
2691,2690,kmeans,3,0
2692,2691,kmeans,3,1
2693,2692,kmeans,3,1
2694,2693,kmeans,3,1
2695,2694,kmeans,3,0
2696,2695,kmeans,3,1
2697,2696,kmeans,3,2
2698,2697,kmeans,3,2
2699,2698,kmeans,3,2
2700,2699,kmeans,3,1
2701,2700,kmeans,3,2
2702,2701,kmeans,3,2
2703,2702,kmeans,3,2
2704,2703,kmeans,3,1
2705,2704,kmeans,3,1
2706,2705,kmeans,3,0
2707,2706,kmeans,3,1
2708,2707,kmeans,3,0
2709,2708,kmeans,3,2
2710,2709,kmeans,3,2
2711,2710,kmeans,3,2
2712,2711,kmeans,3,2
2713,2712,kmeans,3,1
2714,2713,kmeans,3,2
2715,2714,kmeans,3,1
2716,2715,kmeans,3,0
2717,2716,kmeans,3,2
2718,2717,kmeans,3,1
2719,2718,kmeans,3,0
2720,2719,kmeans,3,2
2721,2720,kmeans,3,1
2722,2721,kmeans,3,2
2723,2722,kmeans,3,1
2724,2723,kmeans,3,2
2725,2724,kmeans,3,1
2726,2725,kmeans,3,0
2727,2726,kmeans,3,2
2728,2727,kmeans,3,2
2729,2728,kmeans,3,0
2730,2729,kmeans,3,2
2731,2730,kmeans,3,2
2732,2731,kmeans,3,2
2733,2732,kmeans,3,2
2734,2733,kmeans,3,1
2735,2734,kmeans,3,2
2736,2735,kmeans,3,1
2737,2736,kmeans,3,1
2738,2737,kmeans,3,0
2739,2738,kmeans,3,1
2740,2739,kmeans,3,1
2741,2740,kmeans,3,1
2742,2741,kmeans,3,1
2743,2742,kmeans,3,2
2744,2743,kmeans,3,2
2745,2744,kmeans,3,2
2746,2745,kmeans,3,2
2747,2746,kmeans,3,0
2748,2747,kmeans,3,2
2749,2748,kmeans,3,2
2750,2749,kmeans,3,0
2751,2750,kmeans,3,2
2752,2751,kmeans,3,0
2753,2752,kmeans,3,0
2754,2753,kmeans,3,0
2755,2754,kmeans,3,1
2756,2755,kmeans,3,0
2757,2756,kmeans,3,2
2758,2757,kmeans,3,2
2759,2758,kmeans,3,2
2760,2759,kmeans,3,0
2761,2760,kmeans,3,1
2762,2761,kmeans,3,2
2763,2762,kmeans,3,2
2764,2763,kmeans,3,2
2765,2764,kmeans,3,2
2766,2765,kmeans,3,1
2767,2766,kmeans,3,0
2768,2767,kmeans,3,2
2769,2768,kmeans,3,2
2770,2769,kmeans,3,2
2771,2770,kmeans,3,0
2772,2771,kmeans,3,0
2773,2772,kmeans,3,1
2774,2773,kmeans,3,0
2775,2774,kmeans,3,1
2776,2775,kmeans,3,0
2777,2776,kmeans,3,2
2778,2777,kmeans,3,2
2779,2778,kmeans,3,0
2780,2779,kmeans,3,1
2781,2780,kmeans,3,0
2782,2781,kmeans,3,1
2783,2782,kmeans,3,2
2784,2783,kmeans,3,2
2785,2784,kmeans,3,2
2786,2785,kmeans,3,2
2787,2786,kmeans,3,2
2788,2787,kmeans,3,2
2789,2788,kmeans,3,2
2790,2789,kmeans,3,2
2791,2790,kmeans,3,1
2792,2791,kmeans,3,1
2793,2792,kmeans,3,0
2794,2793,kmeans,3,1
2795,2794,kmeans,3,2
2796,2795,kmeans,3,2
2797,2796,kmeans,3,0
2798,2797,kmeans,3,2
2799,2798,kmeans,3,2
2800,2799,kmeans,3,2
2801,2800,kmeans,3,2
2802,2801,kmeans,3,2
2803,2802,kmeans,3,1
2804,2803,kmeans,3,2
2805,2804,kmeans,3,2
2806,2805,kmeans,3,2
2807,2806,kmeans,3,1
2808,2807,kmeans,3,2
2809,2808,kmeans,3,1
2810,2809,kmeans,3,2
2811,2810,kmeans,3,2
2812,2811,kmeans,3,0
2813,2812,kmeans,3,2
2814,2813,kmeans,3,2
2815,2814,kmeans,3,2
2816,2815,kmeans,3,1
2817,2816,kmeans,3,1
2818,2817,kmeans,3,2
2819,2818,kmeans,3,1
2820,2819,kmeans,3,2
2821,2820,kmeans,3,2
2822,2821,kmeans,3,2
2823,2822,kmeans,3,1
2824,2823,kmeans,3,2
2825,2824,kmeans,3,2
2826,2825,kmeans,3,2
2827,2826,kmeans,3,2
2828,2827,kmeans,3,2
2829,2828,kmeans,3,2
2830,2829,kmeans,3,2
2831,2830,kmeans,3,2
2832,2831,kmeans,3,2
2833,2832,kmeans,3,0
2834,2833,kmeans,3,0
2835,2834,kmeans,3,2
2836,2835,kmeans,3,0
2837,2836,kmeans,3,2
2838,2837,kmeans,3,2
2839,2838,kmeans,3,2
2840,2839,kmeans,3,1
2841,2840,kmeans,3,1
2842,2841,kmeans,3,2
2843,2842,kmeans,3,1
2844,2843,kmeans,3,0
2845,2844,kmeans,3,2
2846,2845,kmeans,3,1
2847,2846,kmeans,3,1
2848,2847,kmeans,3,1
2849,2848,kmeans,3,1
2850,2849,kmeans,3,2
2851,2850,kmeans,3,1
2852,2851,kmeans,3,2
2853,2852,kmeans,3,0
2854,2853,kmeans,3,2
2855,2854,kmeans,3,2
2856,2855,kmeans,3,0
2857,2856,kmeans,3,2
2858,2857,kmeans,3,2
2859,2858,kmeans,3,0
2860,2859,kmeans,3,2
2861,2860,kmeans,3,2
2862,2861,kmeans,3,2
2863,2862,kmeans,3,1
2864,2863,kmeans,3,2
2865,2864,kmeans,3,1
2866,2865,kmeans,3,2
2867,2866,kmeans,3,2
2868,2867,kmeans,3,1
2869,2868,kmeans,3,2
2870,2869,kmeans,3,0
2871,2870,kmeans,3,0
2872,2871,kmeans,3,1
2873,2872,kmeans,3,0
2874,2873,kmeans,3,0
2875,2874,kmeans,3,2
2876,2875,kmeans,3,2
2877,2876,kmeans,3,2
2878,2877,kmeans,3,2
2879,2878,kmeans,3,1
2880,2879,kmeans,3,2
2881,2880,kmeans,3,2
2882,2881,kmeans,3,1
2883,2882,kmeans,3,2
2884,2883,kmeans,3,2
2885,2884,kmeans,3,1
2886,2885,kmeans,3,2
2887,2886,kmeans,3,1
2888,2887,kmeans,3,2
2889,2888,kmeans,3,1
2890,2889,kmeans,3,2
2891,2890,kmeans,3,2
2892,2891,kmeans,3,2
2893,2892,kmeans,3,2
2894,2893,kmeans,3,1
2895,2894,kmeans,3,2
2896,2895,kmeans,3,2
2897,2896,kmeans,3,1
2898,2897,kmeans,3,2
2899,2898,kmeans,3,2
2900,2899,kmeans,3,2
2901,2900,kmeans,3,2
2902,2901,kmeans,3,2
2903,2902,kmeans,3,1
2904,2903,kmeans,3,2
2905,2904,kmeans,3,2
2906,2905,kmeans,3,2
2907,2906,kmeans,3,2
2908,2907,kmeans,3,1
2909,2908,kmeans,3,2
2910,2909,kmeans,3,2
2911,2910,kmeans,3,2
2912,2911,kmeans,3,2
2913,2912,kmeans,3,1
2914,2913,kmeans,3,0
2915,2914,kmeans,3,2
2916,2915,kmeans,3,2
2917,2916,kmeans,3,2
2918,2917,kmeans,3,2
2919,2918,kmeans,3,1
2920,2919,kmeans,3,1
2921,2920,kmeans,3,1
2922,2921,kmeans,3,0
2923,2922,kmeans,3,2
2924,2923,kmeans,3,1
2925,2924,kmeans,3,2
2926,2925,kmeans,3,2
2927,2926,kmeans,3,2
2928,2927,kmeans,3,2
2929,2928,kmeans,3,1
2930,2929,kmeans,3,2
2931,2930,kmeans,3,2
2932,2931,kmeans,3,2
2933,2932,kmeans,3,0
2934,2933,kmeans,3,1
2935,2934,kmeans,3,2
2936,2935,kmeans,3,1
2937,2936,kmeans,3,2
2938,2937,kmeans,3,1
2939,2938,kmeans,3,2
2940,2939,kmeans,3,1
2941,2940,kmeans,3,1
2942,2941,kmeans,3,2
2943,2942,kmeans,3,2
2944,2943,kmeans,3,1
2945,2944,kmeans,3,0
2946,2945,kmeans,3,1
2947,2946,kmeans,3,2
2948,2947,kmeans,3,2
2949,2948,kmeans,3,2
2950,2949,kmeans,3,1
2951,2950,kmeans,3,1
2952,2951,kmeans,3,2
2953,2952,kmeans,3,1
2954,2953,kmeans,3,2
2955,2954,kmeans,3,1
2956,2955,kmeans,3,2
2957,2956,kmeans,3,1
2958,2957,kmeans,3,2
2959,2958,kmeans,3,0
2960,2959,kmeans,3,2
2961,2960,kmeans,3,0
2962,2961,kmeans,3,2
2963,2962,kmeans,3,2
2964,2963,kmeans,3,1
2965,2964,kmeans,3,2
2966,2965,kmeans,3,2
2967,2966,kmeans,3,2
2968,2967,kmeans,3,2
2969,2968,kmeans,3,2
2970,2969,kmeans,3,2
2971,2970,kmeans,3,1
2972,2971,kmeans,3,2
2973,2972,kmeans,3,0
2974,2973,kmeans,3,1
2975,2974,kmeans,3,2
2976,2975,kmeans,3,1
2977,2976,kmeans,3,2
2978,2977,kmeans,3,1
2979,2978,kmeans,3,1
2980,2979,kmeans,3,1
2981,2980,kmeans,3,2
2982,2981,kmeans,3,0
2983,2982,kmeans,3,2
2984,2983,kmeans,3,2
2985,2984,kmeans,3,2
2986,2985,kmeans,3,1
2987,2986,kmeans,3,2
2988,2987,kmeans,3,2
2989,2988,kmeans,3,2
2990,2989,kmeans,3,1
2991,2990,kmeans,3,1
2992,2991,kmeans,3,1
2993,2992,kmeans,3,2
2994,2993,kmeans,3,2
2995,2994,kmeans,3,1
2996,2995,kmeans,3,0
2997,2996,kmeans,3,0
2998,2997,kmeans,3,2
2999,2998,kmeans,3,2
3000,2999,kmeans,3,0
3001,3000,kmeans,3,2
3002,3001,kmeans,3,2
3003,3002,kmeans,3,2
3004,3003,kmeans,3,1
3005,3004,kmeans,3,2
3006,3005,kmeans,3,1
3007,3006,kmeans,3,2
3008,3007,kmeans,3,1
3009,3008,kmeans,3,2
3010,3009,kmeans,3,1
3011,3010,kmeans,3,2
3012,3011,kmeans,3,1
3013,3012,kmeans,3,2
3014,3013,kmeans,3,1
3015,3014,kmeans,3,1
3016,3015,kmeans,3,2
3017,3016,kmeans,3,2
3018,3017,kmeans,3,2
3019,3018,kmeans,3,2
3020,3019,kmeans,3,1
3021,3020,kmeans,3,2
3022,3021,kmeans,3,0
3023,3022,kmeans,3,0
3024,3023,kmeans,3,0
3025,3024,kmeans,3,2
3026,3025,kmeans,3,2
3027,3026,kmeans,3,2
3028,3027,kmeans,3,0
3029,3028,kmeans,3,2
3030,3029,kmeans,3,2
3031,3030,kmeans,3,2
3032,3031,kmeans,3,2
3033,3032,kmeans,3,0
3034,3033,kmeans,3,1
3035,3034,kmeans,3,2
3036,3035,kmeans,3,0
3037,3036,kmeans,3,2
3038,3037,kmeans,3,2
3039,3038,kmeans,3,2
3040,3039,kmeans,3,2
3041,3040,kmeans,3,2
3042,3041,kmeans,3,2
3043,3042,kmeans,3,2
3044,3043,kmeans,3,2
3045,3044,kmeans,3,1
3046,3045,kmeans,3,2
3047,3046,kmeans,3,0
3048,3047,kmeans,3,2
3049,3048,kmeans,3,1
3050,3049,kmeans,3,2
3051,3050,kmeans,3,2
3052,3051,kmeans,3,2
3053,3052,kmeans,3,2
3054,3053,kmeans,3,2
3055,3054,kmeans,3,2
3056,3055,kmeans,3,2
3057,3056,kmeans,3,1
3058,3057,kmeans,3,1
3059,3058,kmeans,3,2
3060,3059,kmeans,3,2
3061,3060,kmeans,3,2
3062,3061,kmeans,3,1
3063,3062,kmeans,3,1
3064,3063,kmeans,3,2
3065,3064,kmeans,3,1
3066,3065,kmeans,3,2
3067,3066,kmeans,3,0
3068,3067,kmeans,3,2
3069,3068,kmeans,3,2
3070,3069,kmeans,3,1
3071,3070,kmeans,3,1
3072,3071,kmeans,3,0
3073,3072,kmeans,3,0
3074,3073,kmeans,3,1
3075,3074,kmeans,3,2
3076,3075,kmeans,3,2
3077,3076,kmeans,3,1
3078,3077,kmeans,3,2
3079,3078,kmeans,3,0
3080,3079,kmeans,3,2
3081,3080,kmeans,3,2
3082,3081,kmeans,3,1
3083,3082,kmeans,3,1
3084,3083,kmeans,3,2
3085,3084,kmeans,3,2
3086,3085,kmeans,3,1
3087,3086,kmeans,3,2
3088,3087,kmeans,3,2
3089,3088,kmeans,3,2
3090,3089,kmeans,3,1
3091,3090,kmeans,3,2
3092,3091,kmeans,3,2
3093,3092,kmeans,3,1
3094,3093,kmeans,3,1
3095,3094,kmeans,3,2
3096,3095,kmeans,3,0
3097,3096,kmeans,3,2
3098,3097,kmeans,3,2
3099,3098,kmeans,3,2
3100,3099,kmeans,3,0
3101,3100,kmeans,3,0
3102,3101,kmeans,3,1
3103,3102,kmeans,3,2
3104,3103,kmeans,3,1
3105,3104,kmeans,3,2
3106,3105,kmeans,3,1
3107,3106,kmeans,3,0
3108,3107,kmeans,3,0
3109,3108,kmeans,3,1
3110,3109,kmeans,3,2
3111,3110,kmeans,3,2
3112,3111,kmeans,3,1
3113,3112,kmeans,3,1
3114,3113,kmeans,3,1
3115,3114,kmeans,3,2
3116,3115,kmeans,3,2
3117,3116,kmeans,3,1
3118,3117,kmeans,3,0
3119,3118,kmeans,3,0
3120,3119,kmeans,3,1
3121,3120,kmeans,3,2
3122,3121,kmeans,3,2
3123,3122,kmeans,3,0
3124,3123,kmeans,3,2
3125,3124,kmeans,3,2
3126,3125,kmeans,3,2
3127,3126,kmeans,3,2
3128,3127,kmeans,3,2
3129,3128,kmeans,3,2
3130,3129,kmeans,3,1
3131,3130,kmeans,3,2
3132,3131,kmeans,3,2
3133,3132,kmeans,3,1
3134,3133,kmeans,3,0
3135,3134,kmeans,3,2
3136,3135,kmeans,3,2
3137,3136,kmeans,3,2
3138,3137,kmeans,3,2
3139,3138,kmeans,3,2
3140,3139,kmeans,3,2
3141,3140,kmeans,3,1
3142,3141,kmeans,3,2
3143,3142,kmeans,3,2
3144,3143,kmeans,3,1
3145,3144,kmeans,3,0
3146,3145,kmeans,3,2
3147,3146,kmeans,3,1
3148,3147,kmeans,3,1
3149,3148,kmeans,3,0
3150,3149,kmeans,3,2
3151,3150,kmeans,3,2
3152,3151,kmeans,3,0
3153,3152,kmeans,3,2
3154,3153,kmeans,3,2
3155,3154,kmeans,3,2
3156,3155,kmeans,3,0
3157,3156,kmeans,3,2
3158,3157,kmeans,3,2
3159,3158,kmeans,3,2
3160,3159,kmeans,3,2
3161,3160,kmeans,3,1
3162,3161,kmeans,3,1
3163,3162,kmeans,3,0
3164,3163,kmeans,3,1
3165,3164,kmeans,3,2
3166,3165,kmeans,3,1
3167,3166,kmeans,3,2
3168,3167,kmeans,3,1
3169,3168,kmeans,3,1
3170,3169,kmeans,3,1
3171,3170,kmeans,3,2
3172,3171,kmeans,3,1
3173,3172,kmeans,3,2
3174,3173,kmeans,3,2
3175,3174,kmeans,3,2
3176,3175,kmeans,3,1
3177,3176,kmeans,3,2
3178,3177,kmeans,3,2
3179,3178,kmeans,3,2
3180,3179,kmeans,3,2
3181,3180,kmeans,3,2
3182,3181,kmeans,3,0
3183,3182,kmeans,3,2
3184,3183,kmeans,3,1
3185,3184,kmeans,3,1
3186,3185,kmeans,3,0
3187,3186,kmeans,3,2
3188,3187,kmeans,3,2
3189,3188,kmeans,3,1
3190,3189,kmeans,3,0
3191,3190,kmeans,3,2
3192,3191,kmeans,3,1
3193,3192,kmeans,3,2
3194,3193,kmeans,3,2
3195,3194,kmeans,3,1
3196,3195,kmeans,3,2
3197,3196,kmeans,3,2
3198,3197,kmeans,3,1
3199,3198,kmeans,3,2
3200,3199,kmeans,3,2
3201,3200,kmeans,3,2
3202,3201,kmeans,3,1
3203,3202,kmeans,3,2
3204,3203,kmeans,3,0
3205,3204,kmeans,3,2
3206,3205,kmeans,3,1
3207,3206,kmeans,3,2
3208,3207,kmeans,3,2
3209,3208,kmeans,3,1
3210,3209,kmeans,3,0
3211,3210,kmeans,3,2
3212,3211,kmeans,3,2
3213,3212,kmeans,3,2
3214,3213,kmeans,3,2
3215,3214,kmeans,3,2
3216,3215,kmeans,3,2
3217,3216,kmeans,3,1
3218,3217,kmeans,3,2
3219,3218,kmeans,3,2
3220,3219,kmeans,3,2
3221,3220,kmeans,3,1
3222,3221,kmeans,3,2
3223,3222,kmeans,3,1
3224,3223,kmeans,3,1
3225,3224,kmeans,3,2
3226,3225,kmeans,3,2
3227,3226,kmeans,3,2
3228,3227,kmeans,3,2
3229,3228,kmeans,3,2
3230,3229,kmeans,3,2
3231,3230,kmeans,3,2
3232,3231,kmeans,3,2
3233,3232,kmeans,3,1
3234,3233,kmeans,3,1
3235,3234,kmeans,3,2
3236,3235,kmeans,3,1
3237,3236,kmeans,3,2
3238,3237,kmeans,3,1
3239,3238,kmeans,3,1
3240,3239,kmeans,3,1
3241,3240,kmeans,3,2
3242,3241,kmeans,3,2
3243,3242,kmeans,3,2
3244,3243,kmeans,3,2
3245,3244,kmeans,3,0
3246,3245,kmeans,3,0
3247,3246,kmeans,3,1
3248,3247,kmeans,3,0
3249,3248,kmeans,3,2
3250,3249,kmeans,3,2
3251,3250,kmeans,3,0
3252,3251,kmeans,3,2
3253,3252,kmeans,3,2
3254,3253,kmeans,3,1
3255,3254,kmeans,3,0
3256,3255,kmeans,3,1
3257,3256,kmeans,3,1
3258,3257,kmeans,3,1
3259,3258,kmeans,3,2
3260,3259,kmeans,3,2
3261,3260,kmeans,3,1
3262,3261,kmeans,3,0
3263,3262,kmeans,3,2
3264,3263,kmeans,3,2
3265,3264,kmeans,3,2
3266,3265,kmeans,3,1
3267,3266,kmeans,3,2
3268,3267,kmeans,3,2
3269,3268,kmeans,3,2
3270,3269,kmeans,3,1
3271,3270,kmeans,3,2
3272,3271,kmeans,3,1
3273,3272,kmeans,3,2
3274,3273,kmeans,3,1
3275,3274,kmeans,3,2
3276,3275,kmeans,3,2
3277,3276,kmeans,3,0
3278,3277,kmeans,3,0
3279,3278,kmeans,3,1
3280,3279,kmeans,3,2
3281,3280,kmeans,3,2
3282,3281,kmeans,3,1
3283,3282,kmeans,3,2
3284,3283,kmeans,3,2
3285,3284,kmeans,3,2
3286,3285,kmeans,3,0
3287,3286,kmeans,3,1
3288,3287,kmeans,3,1
3289,3288,kmeans,3,1
3290,3289,kmeans,3,0
3291,3290,kmeans,3,1
3292,3291,kmeans,3,0
3293,3292,kmeans,3,2
3294,3293,kmeans,3,0
3295,3294,kmeans,3,1
3296,3295,kmeans,3,0
3297,3296,kmeans,3,2
3298,3297,kmeans,3,1
3299,3298,kmeans,3,1
3300,3299,kmeans,3,0
3301,3300,kmeans,3,0
3302,3301,kmeans,3,1
3303,3302,kmeans,3,2
3304,3303,kmeans,3,2
3305,3304,kmeans,3,2
3306,3305,kmeans,3,0
3307,3306,kmeans,3,1
3308,3307,kmeans,3,2
3309,3308,kmeans,3,2
3310,3309,kmeans,3,1
3311,3310,kmeans,3,2
3312,3311,kmeans,3,1
3313,3312,kmeans,3,0
3314,3313,kmeans,3,2
3315,3314,kmeans,3,0
3316,3315,kmeans,3,0
3317,3316,kmeans,3,2
3318,3317,kmeans,3,2
3319,3318,kmeans,3,2
3320,3319,kmeans,3,1
3321,3320,kmeans,3,2
3322,3321,kmeans,3,0
3323,3322,kmeans,3,1
3324,3323,kmeans,3,2
3325,3324,kmeans,3,1
3326,3325,kmeans,3,2
3327,3326,kmeans,3,2
3328,3327,kmeans,3,2
3329,3328,kmeans,3,2
3330,3329,kmeans,3,2
3331,3330,kmeans,3,2
3332,3331,kmeans,3,2
3333,3332,kmeans,3,2
3334,3333,kmeans,3,1
3335,3334,kmeans,3,1
3336,3335,kmeans,3,1
3337,3336,kmeans,3,2
3338,3337,kmeans,3,2
3339,3338,kmeans,3,2
3340,3339,kmeans,3,2
3341,3340,kmeans,3,0
3342,3341,kmeans,3,2
3343,3342,kmeans,3,2
3344,3343,kmeans,3,1
3345,3344,kmeans,3,2
3346,3345,kmeans,3,1
3347,3346,kmeans,3,2
3348,3347,kmeans,3,1
3349,3348,kmeans,3,2
3350,3349,kmeans,3,2
3351,3350,kmeans,3,0
3352,3351,kmeans,3,2
3353,3352,kmeans,3,1
3354,3353,kmeans,3,1
3355,3354,kmeans,3,2
3356,3355,kmeans,3,2
3357,3356,kmeans,3,1
3358,3357,kmeans,3,0
3359,3358,kmeans,3,2
3360,3359,kmeans,3,1
3361,3360,kmeans,3,2
3362,3361,kmeans,3,1
3363,3362,kmeans,3,2
3364,3363,kmeans,3,2
3365,3364,kmeans,3,2
3366,3365,kmeans,3,0
3367,3366,kmeans,3,0
3368,3367,kmeans,3,1
3369,3368,kmeans,3,1
3370,3369,kmeans,3,2
3371,3370,kmeans,3,2
3372,3371,kmeans,3,2
3373,3372,kmeans,3,2
3374,3373,kmeans,3,2
3375,3374,kmeans,3,1
3376,3375,kmeans,3,2
3377,3376,kmeans,3,2
3378,3377,kmeans,3,2
3379,3378,kmeans,3,2
3380,3379,kmeans,3,1
3381,3380,kmeans,3,1
3382,3381,kmeans,3,2
3383,3382,kmeans,3,2
3384,3383,kmeans,3,2
3385,3384,kmeans,3,1
3386,3385,kmeans,3,1
3387,3386,kmeans,3,2
3388,3387,kmeans,3,0
3389,3388,kmeans,3,2
3390,3389,kmeans,3,2
3391,3390,kmeans,3,0
3392,3391,kmeans,3,1
3393,3392,kmeans,3,2
3394,3393,kmeans,3,2
3395,3394,kmeans,3,2
3396,3395,kmeans,3,2
3397,3396,kmeans,3,1
3398,3397,kmeans,3,2
3399,3398,kmeans,3,1
3400,3399,kmeans,3,0
3401,3400,kmeans,3,2
3402,3401,kmeans,3,2
3403,3402,kmeans,3,1
3404,3403,kmeans,3,2
3405,3404,kmeans,3,0
3406,3405,kmeans,3,0
3407,3406,kmeans,3,1
3408,3407,kmeans,3,1
3409,3408,kmeans,3,1
3410,3409,kmeans,3,2
3411,3410,kmeans,3,2
3412,3411,kmeans,3,2
3413,3412,kmeans,3,1
3414,3413,kmeans,3,2
3415,3414,kmeans,3,2
3416,3415,kmeans,3,2
3417,3416,kmeans,3,2
3418,3417,kmeans,3,2
3419,3418,kmeans,3,2
3420,3419,kmeans,3,0
3421,3420,kmeans,3,2
3422,3421,kmeans,3,0
3423,3422,kmeans,3,2
3424,3423,kmeans,3,1
3425,3424,kmeans,3,2
3426,3425,kmeans,3,0
3427,3426,kmeans,3,1
3428,3427,kmeans,3,1
3429,3428,kmeans,3,2
3430,3429,kmeans,3,0
3431,3430,kmeans,3,1
3432,3431,kmeans,3,1
3433,3432,kmeans,3,2
3434,3433,kmeans,3,1
3435,3434,kmeans,3,0
3436,3435,kmeans,3,0
3437,3436,kmeans,3,2
3438,3437,kmeans,3,1
3439,3438,kmeans,3,2
3440,3439,kmeans,3,2
3441,3440,kmeans,3,1
3442,3441,kmeans,3,2
3443,3442,kmeans,3,0
3444,3443,kmeans,3,1
3445,3444,kmeans,3,2
3446,3445,kmeans,3,2
3447,3446,kmeans,3,1
3448,3447,kmeans,3,2
3449,3448,kmeans,3,1
3450,3449,kmeans,3,2
3451,3450,kmeans,3,1
3452,3451,kmeans,3,2
3453,3452,kmeans,3,2
3454,3453,kmeans,3,1
3455,3454,kmeans,3,2
3456,3455,kmeans,3,0
3457,3456,kmeans,3,2
3458,3457,kmeans,3,1
3459,3458,kmeans,3,2
3460,3459,kmeans,3,1
3461,3460,kmeans,3,0
3462,3461,kmeans,3,1
3463,3462,kmeans,3,0
3464,3463,kmeans,3,1
3465,3464,kmeans,3,2
3466,3465,kmeans,3,1
3467,3466,kmeans,3,1
3468,3467,kmeans,3,2
3469,3468,kmeans,3,0
3470,3469,kmeans,3,2
3471,3470,kmeans,3,1
3472,3471,kmeans,3,1
3473,3472,kmeans,3,2
3474,3473,kmeans,3,0
3475,3474,kmeans,3,1
3476,3475,kmeans,3,2
3477,3476,kmeans,3,2
3478,3477,kmeans,3,0
3479,3478,kmeans,3,2
3480,3479,kmeans,3,1
3481,3480,kmeans,3,2
3482,3481,kmeans,3,2
3483,3482,kmeans,3,1
3484,3483,kmeans,3,2
3485,3484,kmeans,3,1
3486,3485,kmeans,3,1
3487,3486,kmeans,3,2
3488,3487,kmeans,3,0
3489,3488,kmeans,3,0
3490,3489,kmeans,3,1
3491,3490,kmeans,3,1
3492,3491,kmeans,3,2
3493,3492,kmeans,3,1
3494,3493,kmeans,3,1
3495,3494,kmeans,3,0
3496,3495,kmeans,3,2
3497,3496,kmeans,3,2
3498,3497,kmeans,3,1
3499,3498,kmeans,3,2
3500,3499,kmeans,3,2
