row_index,actual,predicted,residual,model,target
1650,32.6,32.333545647161266,0.26645435283873553,gradient_boosting,digital_dependence_score
2456,44.8,43.57405529965764,1.2259447003423602,gradient_boosting,digital_dependence_score
2232,16.7,16.05959967920296,0.6404003207970383,gradient_boosting,digital_dependence_score
1945,40.0,37.48765790344769,2.5123420965523096,gradient_boosting,digital_dependence_score
309,30.2,31.094405367578716,-0.8944053675787167,gradient_boosting,digital_dependence_score
2341,36.68415185296776,39.54480686727762,-2.860655014309863,gradient_boosting,digital_dependence_score
1666,26.5,25.496132308549466,1.0038676914505338,gradient_boosting,digital_dependence_score
1681,23.6,23.386295354600332,0.2137046453996696,gradient_boosting,digital_dependence_score
1187,11.5,11.886878693818884,-0.3868786938188844,gradient_boosting,digital_dependence_score
325,30.6,30.674194244877867,-0.07419424487786586,gradient_boosting,digital_dependence_score
1647,32.8,33.42386185060596,-0.6238618506059623,gradient_boosting,digital_dependence_score
2820,44.4,43.43971456344603,0.960285436553967,gradient_boosting,digital_dependence_score
3175,45.0,45.60053530797058,-0.6005353079705813,gradient_boosting,digital_dependence_score
787,50.5,50.32915841349018,0.17084158650982317,gradient_boosting,digital_dependence_score
557,21.4,21.79320229909531,-0.3932022990953108,gradient_boosting,digital_dependence_score
755,32.3,32.8061022941134,-0.5061022941134041,gradient_boosting,digital_dependence_score
942,13.6,17.44632416446313,-3.846324164463132,gradient_boosting,digital_dependence_score
1459,23.2,22.94616156832215,0.25383843167784903,gradient_boosting,digital_dependence_score
3334,67.9,66.08513014894739,1.8148698510526202,gradient_boosting,digital_dependence_score
2560,21.6,21.935127043218856,-0.3351270432188542,gradient_boosting,digital_dependence_score
184,12.9,13.364213394724564,-0.46421339472456324,gradient_boosting,digital_dependence_score
1971,25.0,24.009149169063353,0.9908508309366475,gradient_boosting,digital_dependence_score
314,28.2,30.219551905378058,-2.0195519053780586,gradient_boosting,digital_dependence_score
1501,48.2,49.91581848870764,-1.7158184887076402,gradient_boosting,digital_dependence_score
1094,21.3,21.479979767119087,-0.17997976711908592,gradient_boosting,digital_dependence_score
1336,40.7,41.02824976404128,-0.32824976404127426,gradient_boosting,digital_dependence_score
693,62.1,60.854823089815504,1.2451769101844974,gradient_boosting,digital_dependence_score
346,27.8,26.788972598594146,1.0110274014058547,gradient_boosting,digital_dependence_score
1614,34.0,33.36819432376666,0.6318056762333413,gradient_boosting,digital_dependence_score
3489,61.9,61.54837116163796,0.3516288383620392,gradient_boosting,digital_dependence_score
3187,28.4,29.87363072340611,-1.4736307234061101,gradient_boosting,digital_dependence_score
1921,42.5,42.347183488672755,0.15281651132724505,gradient_boosting,digital_dependence_score
2350,67.6,68.80416830488693,-1.2041683048869345,gradient_boosting,digital_dependence_score
889,53.1,52.184368764065,0.9156312359350025,gradient_boosting,digital_dependence_score
3297,46.7,46.697000511689915,0.0029994883100883385,gradient_boosting,digital_dependence_score
3077,36.68415185296776,35.86538529908791,0.818766553879847,gradient_boosting,digital_dependence_score
170,36.68415185296776,36.29665401389399,0.38749783907376667,gradient_boosting,digital_dependence_score
179,35.3,36.819057258689064,-1.5190572586890667,gradient_boosting,digital_dependence_score
612,33.6,33.06609014397913,0.5339098560208697,gradient_boosting,digital_dependence_score
2240,20.1,19.897034807476132,0.20296519252386958,gradient_boosting,digital_dependence_score
1551,36.3,36.38920786969458,-0.08920786969458305,gradient_boosting,digital_dependence_score
3063,32.1,32.096557052242105,0.003442947757896775,gradient_boosting,digital_dependence_score
839,37.5,37.70532236926462,-0.20532236926462133,gradient_boosting,digital_dependence_score
2090,36.68415185296776,34.27468327399477,2.409468578972991,gradient_boosting,digital_dependence_score
2071,28.0,27.61094199185638,0.38905800814362124,gradient_boosting,digital_dependence_score
26,41.6,41.17041628529265,0.42958371470734846,gradient_boosting,digital_dependence_score
1922,12.1,12.234819931131955,-0.13481993113195578,gradient_boosting,digital_dependence_score
1859,28.3,27.42153279014041,0.8784672098595898,gradient_boosting,digital_dependence_score
680,66.2,66.37469020005037,-0.17469020005036384,gradient_boosting,digital_dependence_score
32,20.8,20.907112772428356,-0.10711277242835493,gradient_boosting,digital_dependence_score
70,27.8,25.801858253994826,1.9981417460051745,gradient_boosting,digital_dependence_score
322,60.0,54.688195459460964,5.311804540539036,gradient_boosting,digital_dependence_score
2787,32.8,33.358660717828286,-0.558660717828289,gradient_boosting,digital_dependence_score
3257,62.2,60.87542258553119,1.3245774144688127,gradient_boosting,digital_dependence_score
1071,34.3,35.666510786205684,-1.3665107862056871,gradient_boosting,digital_dependence_score
51,56.6,57.00115638557312,-0.40115638557311684,gradient_boosting,digital_dependence_score
1420,34.1,34.468674027905195,-0.3686740279051932,gradient_boosting,digital_dependence_score
430,62.4,63.01864734566991,-0.6186473456699133,gradient_boosting,digital_dependence_score
2484,45.3,45.34321181591623,-0.04321181591623002,gradient_boosting,digital_dependence_score
1717,29.7,29.426757446362114,0.2732425536378855,gradient_boosting,digital_dependence_score
3109,9.7,14.378278490376237,-4.678278490376238,gradient_boosting,digital_dependence_score
1080,18.7,19.814978715551515,-1.1149787155515156,gradient_boosting,digital_dependence_score
554,22.5,22.966751251139254,-0.46675125113925375,gradient_boosting,digital_dependence_score
144,36.68415185296776,39.62686963527777,-2.9427177823100124,gradient_boosting,digital_dependence_score
1822,27.8,28.06232882067998,-0.2623288206799792,gradient_boosting,digital_dependence_score
3123,38.7,38.0021068429867,0.6978931570133042,gradient_boosting,digital_dependence_score
196,27.4,28.50532098634563,-1.1053209863456317,gradient_boosting,digital_dependence_score
1677,34.4,35.75096631891895,-1.3509663189189496,gradient_boosting,digital_dependence_score
790,16.1,14.400881388790244,1.699118611209757,gradient_boosting,digital_dependence_score
2775,31.6,32.90915746091396,-1.3091574609139585,gradient_boosting,digital_dependence_score
2788,19.7,20.18686788100742,-0.48686788100742007,gradient_boosting,digital_dependence_score
746,36.68415185296776,46.12337739228663,-9.439225539318869,gradient_boosting,digital_dependence_score
414,17.1,17.175190214175675,-0.07519021417567373,gradient_boosting,digital_dependence_score
1432,52.8,52.095914333677925,0.7040856663220723,gradient_boosting,digital_dependence_score
905,41.8,40.42348112206748,1.3765188779325186,gradient_boosting,digital_dependence_score
2202,36.68415185296776,35.52483544572896,1.1593164072387978,gradient_boosting,digital_dependence_score
3246,51.3,52.11737192208395,-0.8173719220839502,gradient_boosting,digital_dependence_score
2526,39.7,39.843659500306586,-0.14365950030658325,gradient_boosting,digital_dependence_score
3498,20.5,20.35515052645222,0.14484947354777944,gradient_boosting,digital_dependence_score
1808,22.7,22.214766411573425,0.48523358842657416,gradient_boosting,digital_dependence_score
3075,17.6,17.628733825297466,-0.028733825297464932,gradient_boosting,digital_dependence_score
3034,33.5,35.0927822074229,-1.5927822074228999,gradient_boosting,digital_dependence_score
3277,33.1,33.56595765782405,-0.46595765782404897,gradient_boosting,digital_dependence_score
3325,26.4,26.03275493191847,0.36724506808153023,gradient_boosting,digital_dependence_score
2995,38.0,38.14034253094814,-0.1403425309481392,gradient_boosting,digital_dependence_score
2720,64.0,60.175865716561226,3.8241342834387737,gradient_boosting,digital_dependence_score
1052,38.4,38.759671899976055,-0.35967189997605686,gradient_boosting,digital_dependence_score
2844,21.7,21.356295571483372,0.3437044285166273,gradient_boosting,digital_dependence_score
270,53.8,53.705124020261096,0.0948759797389016,gradient_boosting,digital_dependence_score
139,32.6,32.986440666928935,-0.38644066692893375,gradient_boosting,digital_dependence_score
2008,65.4,63.96984416414852,1.4301558358514868,gradient_boosting,digital_dependence_score
3478,19.8,20.609998037182308,-0.8099980371823072,gradient_boosting,digital_dependence_score
676,37.1,36.14132268666922,0.9586773133307815,gradient_boosting,digital_dependence_score
2753,33.7,35.7281498362816,-2.0281498362815995,gradient_boosting,digital_dependence_score
3313,52.9,51.18050154496499,1.7194984550350085,gradient_boosting,digital_dependence_score
2622,51.8,52.93265128085186,-1.13265128085186,gradient_boosting,digital_dependence_score
291,37.2,36.0841382137256,1.115861786274401,gradient_boosting,digital_dependence_score
1242,46.1,44.88083195314922,1.2191680468507826,gradient_boosting,digital_dependence_score
1754,47.8,47.740055872220516,0.05994412777948099,gradient_boosting,digital_dependence_score
599,24.5,24.31792510952588,0.1820748904741194,gradient_boosting,digital_dependence_score
229,42.8,42.92058368314447,-0.12058368314447421,gradient_boosting,digital_dependence_score
2439,65.2,62.0470064260555,3.1529935739444994,gradient_boosting,digital_dependence_score
1407,36.68415185296776,36.75413934957827,-0.06998749661050852,gradient_boosting,digital_dependence_score
1151,43.6,43.087087947170275,0.5129120528297264,gradient_boosting,digital_dependence_score
410,54.1,56.78876014614201,-2.688760146142009,gradient_boosting,digital_dependence_score
203,45.9,45.61548279613034,0.28451720386966173,gradient_boosting,digital_dependence_score
3167,34.0,35.082302478800415,-1.0823024788004147,gradient_boosting,digital_dependence_score
3069,39.9,39.16096095914919,0.7390390408508054,gradient_boosting,digital_dependence_score
602,40.1,38.72350954695881,1.3764904530411926,gradient_boosting,digital_dependence_score
134,23.5,22.410392839666383,1.0896071603336175,gradient_boosting,digital_dependence_score
52,49.1,46.61806115241633,2.4819388475836703,gradient_boosting,digital_dependence_score
506,25.1,24.68170699593898,0.4182930040610202,gradient_boosting,digital_dependence_score
1210,32.6,32.94900035197458,-0.34900035197458124,gradient_boosting,digital_dependence_score
925,39.3,38.65032072112686,0.6496792788731369,gradient_boosting,digital_dependence_score
2091,36.4,37.38917940463107,-0.9891794046310736,gradient_boosting,digital_dependence_score
544,34.4,35.30938336099157,-0.9093833609915691,gradient_boosting,digital_dependence_score
3153,27.2,28.25553570105492,-1.0555357010549216,gradient_boosting,digital_dependence_score
578,21.5,20.468523150882792,1.0314768491172082,gradient_boosting,digital_dependence_score
2669,50.2,49.22484262845985,0.9751573715401562,gradient_boosting,digital_dependence_score
1632,17.8,16.80315280192822,0.9968471980717801,gradient_boosting,digital_dependence_score
838,70.7,72.33788260653311,-1.6378826065331111,gradient_boosting,digital_dependence_score
2741,42.0,41.22379227420243,0.776207725797569,gradient_boosting,digital_dependence_score
3329,25.6,26.753191631490438,-1.1531916314904365,gradient_boosting,digital_dependence_score
1188,21.3,21.27523550871409,0.02476449128591085,gradient_boosting,digital_dependence_score
605,50.5,49.66997249567726,0.830027504322743,gradient_boosting,digital_dependence_score
869,27.5,28.836829238752717,-1.336829238752717,gradient_boosting,digital_dependence_score
2023,15.0,14.418623027569625,0.581376972430375,gradient_boosting,digital_dependence_score
1706,29.7,31.273109840588674,-1.5731098405886748,gradient_boosting,digital_dependence_score
691,33.3,33.80104862980794,-0.50104862980794,gradient_boosting,digital_dependence_score
76,42.3,42.67788558908053,-0.3778855890805346,gradient_boosting,digital_dependence_score
1951,27.9,28.190848150741743,-0.29084815074174486,gradient_boosting,digital_dependence_score
211,49.1,49.56270418508038,-0.46270418508037636,gradient_boosting,digital_dependence_score
17,26.3,25.568090090040037,0.7319099099599633,gradient_boosting,digital_dependence_score
3010,47.4,46.30053626349783,1.099463736502166,gradient_boosting,digital_dependence_score
2093,33.6,33.79445995800194,-0.19445995800193572,gradient_boosting,digital_dependence_score
2409,36.68415185296776,33.04527827969652,3.6388735732712405,gradient_boosting,digital_dependence_score
3315,33.2,32.92290040577044,0.2770995942295613,gradient_boosting,digital_dependence_score
3168,52.6,52.35072498615846,0.24927501384154027,gradient_boosting,digital_dependence_score
594,18.2,19.216649805179955,-1.0166498051799557,gradient_boosting,digital_dependence_score
402,19.2,19.926184857255333,-0.7261848572553333,gradient_boosting,digital_dependence_score
1234,34.6,34.84164467223111,-0.24164467223111075,gradient_boosting,digital_dependence_score
3050,22.5,24.407822615584433,-1.9078226155844327,gradient_boosting,digital_dependence_score
2099,36.68415185296776,39.45257217990725,-2.7684203269394914,gradient_boosting,digital_dependence_score
1583,24.0,27.010421949896863,-3.0104219498968625,gradient_boosting,digital_dependence_score
2534,64.3,64.46783188029958,-0.1678318802995875,gradient_boosting,digital_dependence_score
2722,48.9,48.461028867536186,0.4389711324638128,gradient_boosting,digital_dependence_score
2356,36.3,35.29209234183753,1.0079076581624662,gradient_boosting,digital_dependence_score
969,18.5,17.58416472971803,0.9158352702819705,gradient_boosting,digital_dependence_score
1499,25.1,24.576366255089315,0.5236337449106863,gradient_boosting,digital_dependence_score
358,39.7,39.749295994217285,-0.0492959942172817,gradient_boosting,digital_dependence_score
192,31.9,31.584131633574298,0.3158683664257005,gradient_boosting,digital_dependence_score
2392,19.0,18.684033378127697,0.3159666218723025,gradient_boosting,digital_dependence_score
2111,15.6,15.443111552082515,0.1568884479174848,gradient_boosting,digital_dependence_score
926,46.5,46.27921221576655,0.22078778423345113,gradient_boosting,digital_dependence_score
2823,21.3,20.99568118922439,0.3043188107756123,gradient_boosting,digital_dependence_score
1163,56.5,56.6041443815912,-0.10414438159119754,gradient_boosting,digital_dependence_score
183,49.2,48.73851348966069,0.46148651033931287,gradient_boosting,digital_dependence_score
1861,28.9,29.526962541032646,-0.6269625410326469,gradient_boosting,digital_dependence_score
30,28.5,28.459646432493912,0.040353567506087984,gradient_boosting,digital_dependence_score
1871,49.9,50.993331354079494,-1.0933313540794956,gradient_boosting,digital_dependence_score
2662,18.6,18.47135809181657,0.12864190818343246,gradient_boosting,digital_dependence_score
2992,22.0,23.08663747064296,-1.086637470642959,gradient_boosting,digital_dependence_score
315,38.6,38.89682690943303,-0.2968269094330296,gradient_boosting,digital_dependence_score
2656,41.8,40.39467587120226,1.4053241287977372,gradient_boosting,digital_dependence_score
1055,53.1,52.66389001256222,0.4361099874377814,gradient_boosting,digital_dependence_score
842,33.2,34.247131447880285,-1.0471314478802825,gradient_boosting,digital_dependence_score
1446,55.0,53.40180971177679,1.5981902882232077,gradient_boosting,digital_dependence_score
2461,29.1,29.585508066979163,-0.48550806697916116,gradient_boosting,digital_dependence_score
2499,62.3,61.24608883034106,1.0539111696589387,gradient_boosting,digital_dependence_score
1506,30.3,29.88584892657132,0.4141510734286804,gradient_boosting,digital_dependence_score
1721,48.5,49.33937797031096,-0.839377970310963,gradient_boosting,digital_dependence_score
679,50.5,50.96545788548757,-0.4654578854875666,gradient_boosting,digital_dependence_score
463,37.2,36.67813116126145,0.5218688387385555,gradient_boosting,digital_dependence_score
1047,59.7,60.607274969065664,-0.9072749690656607,gradient_boosting,digital_dependence_score
1800,37.4,38.3622677688173,-0.9622677688172985,gradient_boosting,digital_dependence_score
3150,58.6,59.034739311377784,-0.43473931137778266,gradient_boosting,digital_dependence_score
949,58.7,59.57591176358318,-0.8759117635831757,gradient_boosting,digital_dependence_score
2600,43.6,42.570033329089355,1.029966670910646,gradient_boosting,digital_dependence_score
840,36.68415185296776,36.229274411608976,0.45487744135878216,gradient_boosting,digital_dependence_score
3317,25.0,24.206003425463745,0.7939965745362549,gradient_boosting,digital_dependence_score
3421,36.68415185296776,26.426404914901575,10.257746938066184,gradient_boosting,digital_dependence_score
1044,36.68415185296776,33.61391256933262,3.0702392836351393,gradient_boosting,digital_dependence_score
33,6.2,9.417097279530422,-3.217097279530422,gradient_boosting,digital_dependence_score
166,35.2,36.11924754680413,-0.9192475468041295,gradient_boosting,digital_dependence_score
1474,34.3,34.28511551541679,0.014884484583205904,gradient_boosting,digital_dependence_score
817,44.3,42.79773917899283,1.5022608210071695,gradient_boosting,digital_dependence_score
1091,16.6,16.361620323662724,0.23837967633727786,gradient_boosting,digital_dependence_score
1552,35.6,35.72381669030072,-0.12381669030072118,gradient_boosting,digital_dependence_score
1600,45.7,45.8981969214784,-0.19819692147839874,gradient_boosting,digital_dependence_score
2892,35.0,35.83099181550403,-0.8309918155040279,gradient_boosting,digital_dependence_score
2334,44.6,44.104889616302565,0.4951103836974369,gradient_boosting,digital_dependence_score
2611,30.2,30.48257369328953,-0.28257369328953175,gradient_boosting,digital_dependence_score
3281,44.8,43.7687408026943,1.031259197305694,gradient_boosting,digital_dependence_score
1174,8.5,10.91263592742486,-2.4126359274248603,gradient_boosting,digital_dependence_score
2148,20.7,21.366541146058943,-0.6665411460589432,gradient_boosting,digital_dependence_score
3459,59.5,59.19306302514976,0.3069369748502382,gradient_boosting,digital_dependence_score
2478,41.4,40.23881084284495,1.1611891571550501,gradient_boosting,digital_dependence_score
1621,50.9,50.829351022197876,0.0706489778021222,gradient_boosting,digital_dependence_score
1289,58.8,58.429542488928256,0.3704575110717414,gradient_boosting,digital_dependence_score
1204,46.2,46.34469789653075,-0.14469789653074372,gradient_boosting,digital_dependence_score
1011,26.0,26.78418745600591,-0.7841874560059097,gradient_boosting,digital_dependence_score
194,30.8,30.162108513291354,0.6378914867086465,gradient_boosting,digital_dependence_score
1656,60.7,61.02837808946216,-0.32837808946215574,gradient_boosting,digital_dependence_score
1395,45.0,44.95890196373692,0.04109803626307951,gradient_boosting,digital_dependence_score
289,32.1,32.308565251003564,-0.20856525100356293,gradient_boosting,digital_dependence_score
2804,24.4,26.164299785650798,-1.764299785650799,gradient_boosting,digital_dependence_score
2968,25.2,24.092789159688436,1.1072108403115628,gradient_boosting,digital_dependence_score
3440,51.5,50.80128367906117,0.6987163209388285,gradient_boosting,digital_dependence_score
3107,39.8,38.58447365254619,1.2155263474538103,gradient_boosting,digital_dependence_score
2463,30.2,30.52006113372242,-0.3200611337224224,gradient_boosting,digital_dependence_score
2394,33.8,34.06823204592238,-0.2682320459223817,gradient_boosting,digital_dependence_score
432,35.8,34.184708351871826,1.6152916481281707,gradient_boosting,digital_dependence_score
3169,56.6,55.69081528280775,0.9091847171922538,gradient_boosting,digital_dependence_score
3221,32.6,32.72555655740142,-0.12555655740141702,gradient_boosting,digital_dependence_score
3462,30.1,30.812509023385314,-0.7125090233853122,gradient_boosting,digital_dependence_score
3435,34.0,34.16237312297232,-0.1623731229723191,gradient_boosting,digital_dependence_score
1334,34.8,34.22370547005122,0.5762945299487754,gradient_boosting,digital_dependence_score
2770,16.7,15.843190639446933,0.8568093605530667,gradient_boosting,digital_dependence_score
2855,29.1,28.976880218203398,0.12311978179660343,gradient_boosting,digital_dependence_score
2512,26.5,26.22853123430522,0.27146876569478096,gradient_boosting,digital_dependence_score
1322,39.7,39.481022113391816,0.21897788660818662,gradient_boosting,digital_dependence_score
881,15.3,14.811648599684787,0.4883514003152136,gradient_boosting,digital_dependence_score
279,21.5,21.60120213794618,-0.10120213794618138,gradient_boosting,digital_dependence_score
999,48.3,41.929291145852105,6.3707088541478925,gradient_boosting,digital_dependence_score
2860,18.4,18.611002416748455,-0.21100241674845677,gradient_boosting,digital_dependence_score
1965,34.4,34.85490890092741,-0.4549089009274141,gradient_boosting,digital_dependence_score
3377,30.7,30.667994624615893,0.03200537538410586,gradient_boosting,digital_dependence_score
1114,28.7,29.346816571674527,-0.6468165716745276,gradient_boosting,digital_dependence_score
1780,16.1,17.821505011217425,-1.721505011217424,gradient_boosting,digital_dependence_score
1805,33.1,34.00417706548219,-0.9041770654821875,gradient_boosting,digital_dependence_score
2447,46.4,46.40228583114614,-0.0022858311461391168,gradient_boosting,digital_dependence_score
1587,22.2,21.932861757421893,0.26713824257810614,gradient_boosting,digital_dependence_score
907,15.9,16.966498397886507,-1.066498397886507,gradient_boosting,digital_dependence_score
3349,34.5,34.19506043403178,0.30493956596821903,gradient_boosting,digital_dependence_score
964,23.1,23.701285857641626,-0.6012858576416242,gradient_boosting,digital_dependence_score
1765,52.8,50.56051637248582,2.2394836275141756,gradient_boosting,digital_dependence_score
1411,28.2,28.604327244500006,-0.40432724450000634,gradient_boosting,digital_dependence_score
1813,32.2,32.628947154795256,-0.428947154795253,gradient_boosting,digital_dependence_score
80,35.3,35.26731773557061,0.03268226442938982,gradient_boosting,digital_dependence_score
742,60.6,60.09508492726641,0.5049150727335885,gradient_boosting,digital_dependence_score
567,39.2,38.7166027387322,0.4833972612678039,gradient_boosting,digital_dependence_score
93,17.3,16.710153535253067,0.5898464647469339,gradient_boosting,digital_dependence_score
978,58.7,58.088853686954245,0.611146313045758,gradient_boosting,digital_dependence_score
2754,59.8,57.024577277566884,2.775422722433113,gradient_boosting,digital_dependence_score
1756,69.6,68.89219665274729,0.7078033472527068,gradient_boosting,digital_dependence_score
1720,38.6,39.03075174378537,-0.43075174378537184,gradient_boosting,digital_dependence_score
2016,30.3,31.86198863610155,-1.5619886361015496,gradient_boosting,digital_dependence_score
805,20.9,21.485668367828644,-0.5856683678286458,gradient_boosting,digital_dependence_score
3047,34.1,34.086870097096025,0.013129902903976642,gradient_boosting,digital_dependence_score
1593,22.5,23.634560451498068,-1.1345604514980678,gradient_boosting,digital_dependence_score
1295,36.0,36.22219272511754,-0.2221927251175373,gradient_boosting,digital_dependence_score
3196,19.9,20.19677564141743,-0.2967756414174332,gradient_boosting,digital_dependence_score
1752,47.8,47.98897067876844,-0.18897067876844176,gradient_boosting,digital_dependence_score
298,50.9,50.49195795084921,0.40804204915078657,gradient_boosting,digital_dependence_score
657,31.5,31.58886778750335,-0.08886778750335012,gradient_boosting,digital_dependence_score
1598,19.5,19.58999537346494,-0.0899953734649408,gradient_boosting,digital_dependence_score
2973,37.3,38.347194219318645,-1.0471942193186479,gradient_boosting,digital_dependence_score
1373,18.3,18.490440389582485,-0.19044038958248422,gradient_boosting,digital_dependence_score
798,27.9,29.01321979328959,-1.1132197932895913,gradient_boosting,digital_dependence_score
1835,36.2,36.71640893469617,-0.516408934696166,gradient_boosting,digital_dependence_score
1061,22.9,23.049869478290105,-0.14986947829010688,gradient_boosting,digital_dependence_score
257,29.3,29.06653522633054,0.2334647736694606,gradient_boosting,digital_dependence_score
299,49.3,50.17467998415708,-0.8746799841570834,gradient_boosting,digital_dependence_score
2711,18.9,20.005172287388298,-1.1051722873882994,gradient_boosting,digital_dependence_score
3223,47.9,47.872917420601105,0.02708257939889336,gradient_boosting,digital_dependence_score
2259,53.5,51.06528404309475,2.4347159569052508,gradient_boosting,digital_dependence_score
794,33.2,33.79970845595843,-0.599708455958428,gradient_boosting,digital_dependence_score
2282,55.1,55.11406947498202,-0.014069474982015606,gradient_boosting,digital_dependence_score
238,32.4,32.2291205602927,0.17087943970729924,gradient_boosting,digital_dependence_score
295,34.3,33.3014965046885,0.9985034953114962,gradient_boosting,digital_dependence_score
3355,30.8,30.94542984693096,-0.14542984693095917,gradient_boosting,digital_dependence_score
538,49.7,49.06077970017206,0.6392202998279402,gradient_boosting,digital_dependence_score
415,44.5,43.393066942414116,1.1069330575858842,gradient_boosting,digital_dependence_score
997,25.6,28.61699644303628,-3.0169964430362803,gradient_boosting,digital_dependence_score
174,28.2,28.102258639737222,0.09774136026277702,gradient_boosting,digital_dependence_score
321,17.9,16.70644495400711,1.1935550459928876,gradient_boosting,digital_dependence_score
443,79.7,78.10412593434262,1.5958740656573838,gradient_boosting,digital_dependence_score
3183,38.6,38.44886843519003,0.15113156480997247,gradient_boosting,digital_dependence_score
2551,57.7,57.98974515413521,-0.2897451541352041,gradient_boosting,digital_dependence_score
1910,54.1,52.08097372217457,2.019026277825432,gradient_boosting,digital_dependence_score
1236,17.8,20.57035176565115,-2.7703517656511494,gradient_boosting,digital_dependence_score
1749,29.1,30.288986149509537,-1.1889861495095353,gradient_boosting,digital_dependence_score
102,31.9,32.451445897137816,-0.5514458971378176,gradient_boosting,digital_dependence_score
3272,17.5,17.986933235220466,-0.48693323522046583,gradient_boosting,digital_dependence_score
239,48.4,49.59238581307442,-1.1923858130744236,gradient_boosting,digital_dependence_score
705,14.4,14.975216727208366,-0.5752167272083657,gradient_boosting,digital_dependence_score
457,33.8,33.071363663335795,0.7286363366642021,gradient_boosting,digital_dependence_score
2290,36.68415185296776,36.662689840522546,0.02146201244521251,gradient_boosting,digital_dependence_score
776,38.1,37.09107089756423,1.008929102435772,gradient_boosting,digital_dependence_score
3164,28.6,28.413338141601216,0.1866618583987858,gradient_boosting,digital_dependence_score
2957,15.2,16.462902386217877,-1.2629023862178776,gradient_boosting,digital_dependence_score
501,39.8,39.939544948587,-0.13954494858700173,gradient_boosting,digital_dependence_score
44,20.2,17.719179582419816,2.4808204175801833,gradient_boosting,digital_dependence_score
461,58.8,60.41442251899011,-1.6144225189901107,gradient_boosting,digital_dependence_score
2258,62.6,61.87891885177275,0.721081148227249,gradient_boosting,digital_dependence_score
2757,29.1,28.715921556583012,0.38407844341698905,gradient_boosting,digital_dependence_score
2694,24.6,24.25971772347647,0.3402822765235314,gradient_boosting,digital_dependence_score
965,21.8,23.39203279566186,-1.5920327956618578,gradient_boosting,digital_dependence_score
478,34.6,35.75582654942057,-1.155826549420567,gradient_boosting,digital_dependence_score
1885,47.9,47.40190028790764,0.4980997120923618,gradient_boosting,digital_dependence_score
393,29.0,29.629390433602993,-0.6293904336029925,gradient_boosting,digital_dependence_score
58,29.9,30.28698625398359,-0.38698625398359,gradient_boosting,digital_dependence_score
527,46.3,44.84053358225401,1.4594664177459862,gradient_boosting,digital_dependence_score
3320,31.6,32.96995469526825,-1.3699546952682482,gradient_boosting,digital_dependence_score
1113,34.3,32.741178826204035,1.5588211737959625,gradient_boosting,digital_dependence_score
912,42.8,42.878808979007154,-0.07880897900715667,gradient_boosting,digital_dependence_score
2583,33.3,34.06693813991123,-0.7669381399112325,gradient_boosting,digital_dependence_score
1602,40.3,39.22430801209171,1.0756919879082858,gradient_boosting,digital_dependence_score
929,24.5,24.61845513838084,-0.11845513838083832,gradient_boosting,digital_dependence_score
2667,54.7,52.10140038604774,2.59859961395226,gradient_boosting,digital_dependence_score
3111,27.8,28.387071580453476,-0.5870715804534754,gradient_boosting,digital_dependence_score
3180,40.4,39.72999146104381,0.6700085389561892,gradient_boosting,digital_dependence_score
718,25.4,25.636337360167587,-0.23633736016758888,gradient_boosting,digital_dependence_score
2658,36.68415185296776,32.107748149343834,4.5764037036239245,gradient_boosting,digital_dependence_score
644,42.0,41.25564762206244,0.7443523779375596,gradient_boosting,digital_dependence_score
3308,34.5,35.619862436705645,-1.1198624367056453,gradient_boosting,digital_dependence_score
2131,25.9,27.799316824184448,-1.8993168241844494,gradient_boosting,digital_dependence_score
511,48.9,49.50276767226841,-0.6027676722684134,gradient_boosting,digital_dependence_score
1462,40.7,40.262578241731084,0.4374217582689184,gradient_boosting,digital_dependence_score
188,27.2,26.549986383399332,0.6500136166006669,gradient_boosting,digital_dependence_score
2592,49.0,50.338307871563956,-1.3383078715639556,gradient_boosting,digital_dependence_score
3019,36.68415185296776,32.58624287171132,4.097908981256438,gradient_boosting,digital_dependence_score
1345,61.8,61.414716315582965,0.38528368441703265,gradient_boosting,digital_dependence_score
2155,28.5,28.627995907492515,-0.12799590749251522,gradient_boosting,digital_dependence_score
1360,45.6,45.77733098748294,-0.1773309874829394,gradient_boosting,digital_dependence_score
411,15.3,14.478811843254395,0.8211881567456061,gradient_boosting,digital_dependence_score
240,9.4,10.373416378794149,-0.9734163787941483,gradient_boosting,digital_dependence_score
1954,42.5,42.42255451631091,0.07744548368908966,gradient_boosting,digital_dependence_score
921,22.1,22.495527489919183,-0.3955274899191821,gradient_boosting,digital_dependence_score
871,53.4,52.887125633079734,0.5128743669202649,gradient_boosting,digital_dependence_score
1424,25.4,24.40088940745862,0.9991105925413777,gradient_boosting,digital_dependence_score
802,33.0,32.72961194633048,0.2703880536695209,gradient_boosting,digital_dependence_score
3265,61.3,61.27939829278631,0.020601707213685927,gradient_boosting,digital_dependence_score
2092,23.3,23.602814655575788,-0.30281465557578713,gradient_boosting,digital_dependence_score
2179,36.9,36.841444689207364,0.05855531079263443,gradient_boosting,digital_dependence_score
857,16.9,16.930184435272857,-0.030184435272857968,gradient_boosting,digital_dependence_score
152,34.9,35.0971082704383,-0.19710827043829937,gradient_boosting,digital_dependence_score
1271,26.9,27.929863971282373,-1.0298639712823743,gradient_boosting,digital_dependence_score
1192,30.3,30.308024904182723,-0.008024904182722281,gradient_boosting,digital_dependence_score
1053,35.8,35.36796709859909,0.432032901400909,gradient_boosting,digital_dependence_score
1684,36.68415185296776,23.471343746664395,13.212808106303363,gradient_boosting,digital_dependence_score
256,16.6,16.683201428523958,-0.08320142852395662,gradient_boosting,digital_dependence_score
1546,39.9,41.728083964803155,-1.828083964803156,gradient_boosting,digital_dependence_score
2641,34.2,34.65198299715096,-0.4519829971509566,gradient_boosting,digital_dependence_score
2314,57.1,56.31242479528253,0.78757520471747,gradient_boosting,digital_dependence_score
495,18.4,18.70273910430218,-0.3027391043021801,gradient_boosting,digital_dependence_score
2338,27.2,28.72319748878305,-1.523197488783051,gradient_boosting,digital_dependence_score
1584,19.9,21.71538360926705,-1.8153836092670517,gradient_boosting,digital_dependence_score
2221,25.3,24.94011017110894,0.3598898288910597,gradient_boosting,digital_dependence_score
1222,24.0,24.425064451623545,-0.42506445162354467,gradient_boosting,digital_dependence_score
1963,69.3,67.63384897343056,1.6661510265694375,gradient_boosting,digital_dependence_score
3137,23.6,25.428539295121414,-1.8285392951214128,gradient_boosting,digital_dependence_score
178,33.7,34.191251956054835,-0.49125195605483185,gradient_boosting,digital_dependence_score
1850,36.68415185296776,25.503320603045935,11.180831249921823,gradient_boosting,digital_dependence_score
3393,24.9,26.281577233667395,-1.3815772336673966,gradient_boosting,digital_dependence_score
2043,47.5,47.312332673932495,0.1876673260675048,gradient_boosting,digital_dependence_score
1987,51.4,51.62502168911661,-0.22502168911660902,gradient_boosting,digital_dependence_score
2982,25.3,24.26327522822329,1.0367247717767114,gradient_boosting,digital_dependence_score
1025,37.7,38.15368227619915,-0.4536822761991459,gradient_boosting,digital_dependence_score
1641,39.6,38.6522451131056,0.9477548868944012,gradient_boosting,digital_dependence_score
1842,22.7,22.287328584215757,0.41267141578424216,gradient_boosting,digital_dependence_score
897,33.9,34.73090652958028,-0.8309065295802824,gradient_boosting,digital_dependence_score
1425,55.2,54.59464306092555,0.6053569390744542,gradient_boosting,digital_dependence_score
479,23.9,24.06896095578905,-0.1689609557890499,gradient_boosting,digital_dependence_score
14,32.0,32.38450520263222,-0.3845052026322193,gradient_boosting,digital_dependence_score
3054,42.6,40.86358192642463,1.736418073575372,gradient_boosting,digital_dependence_score
173,17.4,17.404539214175255,-0.00453921417525649,gradient_boosting,digital_dependence_score
781,36.68415185296776,38.19376346050413,-1.509611607536371,gradient_boosting,digital_dependence_score
331,53.3,52.54843287500935,0.7515671249906504,gradient_boosting,digital_dependence_score
1017,19.6,19.39311398451277,0.20688601548723184,gradient_boosting,digital_dependence_score
2029,33.3,34.28402180535912,-0.9840218053591201,gradient_boosting,digital_dependence_score
3479,46.4,46.03769871700097,0.3623012829990273,gradient_boosting,digital_dependence_score
1089,20.2,20.943429640213342,-0.7434296402133427,gradient_boosting,digital_dependence_score
1978,46.2,43.216098780891905,2.9839012191080982,gradient_boosting,digital_dependence_score
387,36.68415185296776,43.39318895740371,-6.70903710443595,gradient_boosting,digital_dependence_score
2358,16.8,15.684240718938076,1.1157592810619246,gradient_boosting,digital_dependence_score
438,36.68415185296776,31.367792601672722,5.316359251295037,gradient_boosting,digital_dependence_score
1391,28.0,28.26574448683409,-0.265744486834091,gradient_boosting,digital_dependence_score
2964,30.0,30.161508632281077,-0.1615086322810768,gradient_boosting,digital_dependence_score
1511,50.1,44.09503801849238,6.00496198150762,gradient_boosting,digital_dependence_score
1397,20.9,19.9833140569624,0.9166859430375993,gradient_boosting,digital_dependence_score
324,36.68415185296776,41.570760911870465,-4.886609058902707,gradient_boosting,digital_dependence_score
927,60.9,60.88074248259806,0.019257517401939594,gradient_boosting,digital_dependence_score
1950,39.3,38.95135612967706,0.3486438703229382,gradient_boosting,digital_dependence_score
2474,47.1,45.09287485792709,2.0071251420729084,gradient_boosting,digital_dependence_score
63,46.9,47.40655646067663,-0.5065564606766344,gradient_boosting,digital_dependence_score
266,43.9,44.22899662307383,-0.32899662307383437,gradient_boosting,digital_dependence_score
2086,37.6,37.31399982111737,0.28600017888263096,gradient_boosting,digital_dependence_score
2096,21.7,22.004134602667627,-0.30413460266762726,gradient_boosting,digital_dependence_score
157,29.7,32.154484253258445,-2.454484253258446,gradient_boosting,digital_dependence_score
450,48.1,49.370528017764975,-1.270528017764974,gradient_boosting,digital_dependence_score
61,20.3,20.499951094581434,-0.1999510945814329,gradient_boosting,digital_dependence_score
2494,46.2,45.791168315042185,0.40883168495781774,gradient_boosting,digital_dependence_score
2252,42.5,40.731654554273526,1.7683454457264745,gradient_boosting,digital_dependence_score
254,44.6,40.84890967909675,3.751090320903252,gradient_boosting,digital_dependence_score
2381,36.7,36.49033991532036,0.2096600846796406,gradient_boosting,digital_dependence_score
2801,40.0,40.37900118144822,-0.37900118144821704,gradient_boosting,digital_dependence_score
2420,55.2,55.78347560516723,-0.5834756051672301,gradient_boosting,digital_dependence_score
439,32.3,32.40759206389436,-0.10759206389436571,gradient_boosting,digital_dependence_score
124,32.0,32.16752011866827,-0.16752011866827132,gradient_boosting,digital_dependence_score
1200,42.5,42.67878015348299,-0.1787801534829896,gradient_boosting,digital_dependence_score
1356,55.4,54.7256953445372,0.674304655462798,gradient_boosting,digital_dependence_score
263,27.0,26.464813842838605,0.5351861571613945,gradient_boosting,digital_dependence_score
1697,67.4,64.54853470341014,2.851465296589865,gradient_boosting,digital_dependence_score
1070,36.68415185296776,35.27785739419899,1.4062944587687696,gradient_boosting,digital_dependence_score
1793,23.7,25.00411936840761,-1.304119368407612,gradient_boosting,digital_dependence_score
2297,25.6,24.417357579394817,1.182642420605184,gradient_boosting,digital_dependence_score
2858,21.7,21.72876961220382,-0.02876961220382057,gradient_boosting,digital_dependence_score
486,63.5,62.94442547730504,0.5555745226949611,gradient_boosting,digital_dependence_score
1657,50.5,50.28738112400427,0.21261887599573015,gradient_boosting,digital_dependence_score
678,21.0,21.148075846814436,-0.14807584681443586,gradient_boosting,digital_dependence_score
2313,61.6,61.792817092404206,-0.19281709240420497,gradient_boosting,digital_dependence_score
88,38.0,38.04760459050785,-0.04760459050785215,gradient_boosting,digital_dependence_score
1074,26.3,27.24683435941796,-0.9468343594179593,gradient_boosting,digital_dependence_score
2993,23.5,24.892013206579772,-1.3920132065797723,gradient_boosting,digital_dependence_score
1226,34.7,34.13475266142553,0.5652473385744727,gradient_boosting,digital_dependence_score
2834,38.9,38.85269630609886,0.04730369390113509,gradient_boosting,digital_dependence_score
2516,27.7,29.09028103444449,-1.3902810344444916,gradient_boosting,digital_dependence_score
1826,41.9,39.765654063077214,2.1343459369227844,gradient_boosting,digital_dependence_score
867,24.3,23.945134829454357,0.3548651705456436,gradient_boosting,digital_dependence_score
3254,30.5,30.73831559657231,-0.23831559657230983,gradient_boosting,digital_dependence_score
3015,14.5,16.494834972080874,-1.9948349720808736,gradient_boosting,digital_dependence_score
3156,27.2,26.507731382110578,0.6922686178894217,gradient_boosting,digital_dependence_score
3130,30.1,28.692398378733717,1.4076016212662843,gradient_boosting,digital_dependence_score
120,21.0,21.482418187476856,-0.4824181874768563,gradient_boosting,digital_dependence_score
1487,36.9,36.97658697141613,-0.07658697141613402,gradient_boosting,digital_dependence_score
2440,24.8,25.29146038987377,-0.49146038987376883,gradient_boosting,digital_dependence_score
2400,36.68415185296776,38.775335345943176,-2.091183492975418,gradient_boosting,digital_dependence_score
3201,58.5,59.17312956093451,-0.6731295609345125,gradient_boosting,digital_dependence_score
2339,34.9,35.97984471961815,-1.0798447196181513,gradient_boosting,digital_dependence_score
1783,52.9,53.15096770411342,-0.25096770411342106,gradient_boosting,digital_dependence_score
2817,12.3,12.702726710297743,-0.4027267102977419,gradient_boosting,digital_dependence_score
2942,36.7,36.91838947092209,-0.21838947092208372,gradient_boosting,digital_dependence_score
283,29.7,30.353004577084587,-0.6530045770845874,gradient_boosting,digital_dependence_score
1067,10.6,11.328532648210208,-0.7285326482102086,gradient_boosting,digital_dependence_score
274,66.3,50.512874576534756,15.787125423465241,gradient_boosting,digital_dependence_score
3383,28.7,29.159885969973335,-0.4598859699733353,gradient_boosting,digital_dependence_score
621,52.3,54.43256862785947,-2.13256862785947,gradient_boosting,digital_dependence_score
1221,75.9,78.24754182208328,-2.3475418220832722,gradient_boosting,digital_dependence_score
109,59.2,60.411432092617275,-1.2114320926172724,gradient_boosting,digital_dependence_score
1123,43.6,44.107262927053995,-0.5072629270539935,gradient_boosting,digital_dependence_score
2446,18.1,20.710911504132437,-2.610911504132435,gradient_boosting,digital_dependence_score
149,50.4,49.36013782132431,1.0398621786756905,gradient_boosting,digital_dependence_score
214,31.6,32.140788167561034,-0.5407881675610327,gradient_boosting,digital_dependence_score
551,60.0,58.645787807477134,1.3542121925228656,gradient_boosting,digital_dependence_score
1330,37.4,37.78770618507404,-0.38770618507404464,gradient_boosting,digital_dependence_score
2884,55.5,55.40582745201959,0.09417254798041341,gradient_boosting,digital_dependence_score
1739,50.9,50.5391414202495,0.3608585797504986,gradient_boosting,digital_dependence_score
3068,27.1,27.814448412204538,-0.7144484122045363,gradient_boosting,digital_dependence_score
3043,38.8,37.95255266316833,0.8474473368316637,gradient_boosting,digital_dependence_score
368,19.8,19.548058022130512,0.2519419778694889,gradient_boosting,digital_dependence_score
1829,24.4,26.05182169593309,-1.6518216959330907,gradient_boosting,digital_dependence_score
2584,20.4,20.644055311150694,-0.2440553111506958,gradient_boosting,digital_dependence_score
879,35.8,36.3962626832568,-0.5962626832568034,gradient_boosting,digital_dependence_score
2270,61.1,61.352760398989325,-0.2527603989893237,gradient_boosting,digital_dependence_score
3305,26.1,26.94939936050779,-0.849399360507789,gradient_boosting,digital_dependence_score
3070,47.2,45.9268837120644,1.2731162879356006,gradient_boosting,digital_dependence_score
1406,34.9,34.604247969241996,0.2957520307580026,gradient_boosting,digital_dependence_score
2459,46.9,48.1024963973942,-1.2024963973941993,gradient_boosting,digital_dependence_score
2274,16.6,16.061859554905833,0.538140445094168,gradient_boosting,digital_dependence_score
812,36.3,36.85786995583244,-0.5578699558324445,gradient_boosting,digital_dependence_score
45,18.3,17.93890065556162,0.36109934443837943,gradient_boosting,digital_dependence_score
3288,59.4,58.73975576154296,0.6602442384570395,gradient_boosting,digital_dependence_score
2536,33.1,32.86088414265557,0.23911585734443008,gradient_boosting,digital_dependence_score
2822,73.3,71.74759758491105,1.5524024150889488,gradient_boosting,digital_dependence_score
442,42.3,40.96721002142124,1.3327899785787594,gradient_boosting,digital_dependence_score
2946,30.4,30.805839035143926,-0.40583903514392716,gradient_boosting,digital_dependence_score
218,38.7,38.417025468213026,0.2829745317869765,gradient_boosting,digital_dependence_score
1691,48.5,48.029108753242866,0.4708912467571338,gradient_boosting,digital_dependence_score
3390,19.8,18.444357492100654,1.355642507899347,gradient_boosting,digital_dependence_score
1726,30.4,30.959646884730407,-0.5596468847304088,gradient_boosting,digital_dependence_score
2550,22.2,21.37632940331828,0.823670596681719,gradient_boosting,digital_dependence_score
3020,24.0,25.40732862257143,-1.4073286225714305,gradient_boosting,digital_dependence_score
3339,36.4,36.78253437525564,-0.38253437525564493,gradient_boosting,digital_dependence_score
332,30.2,30.931584356336565,-0.7315843563365654,gradient_boosting,digital_dependence_score
251,53.0,53.08886650523876,-0.08886650523876227,gradient_boosting,digital_dependence_score
354,22.4,22.221413458950835,0.17858654104916383,gradient_boosting,digital_dependence_score
2762,25.0,26.55425845870604,-1.554258458706041,gradient_boosting,digital_dependence_score
932,35.5,34.661061851803765,0.8389381481962346,gradient_boosting,digital_dependence_score
2828,15.9,16.01240958665907,-0.11240958665907108,gradient_boosting,digital_dependence_score
1206,27.9,26.685613018785837,1.2143869812141617,gradient_boosting,digital_dependence_score
670,67.5,65.63519582178695,1.8648041782130491,gradient_boosting,digital_dependence_score
2730,26.5,25.85929820161744,0.6407017983825583,gradient_boosting,digital_dependence_score
3093,32.5,32.696528686476356,-0.19652868647635557,gradient_boosting,digital_dependence_score
1747,62.2,61.46404815486226,0.7359518451377411,gradient_boosting,digital_dependence_score
1815,31.1,29.991520776907556,1.108479223092445,gradient_boosting,digital_dependence_score
1220,44.2,43.35511938594356,0.8448806140564429,gradient_boosting,digital_dependence_score
2638,52.2,52.224002755462074,-0.02400275546207098,gradient_boosting,digital_dependence_score
1612,35.8,35.90010736807104,-0.10010736807104337,gradient_boosting,digital_dependence_score
1272,26.4,26.604012288064556,-0.20401228806455762,gradient_boosting,digital_dependence_score
2407,35.5,35.57611445119441,-0.07611445119440674,gradient_boosting,digital_dependence_score
761,38.2,38.441999425492774,-0.24199942549277154,gradient_boosting,digital_dependence_score
408,30.1,31.153914199576715,-1.0539141995767132,gradient_boosting,digital_dependence_score
1251,27.6,27.85424570792577,-0.2542457079257687,gradient_boosting,digital_dependence_score
2530,26.0,27.051984220897612,-1.0519842208976122,gradient_boosting,digital_dependence_score
1569,47.0,46.72218830397297,0.2778116960270296,gradient_boosting,digital_dependence_score
1961,30.2,31.749162354294032,-1.5491623542940332,gradient_boosting,digital_dependence_score
874,39.5,38.573335487569565,0.9266645124304347,gradient_boosting,digital_dependence_score
1616,32.3,32.26772158011385,0.03227841988614699,gradient_boosting,digital_dependence_score
1270,35.4,35.851681155301954,-0.4516811553019551,gradient_boosting,digital_dependence_score
1211,25.6,25.27294675220382,0.32705324779618294,gradient_boosting,digital_dependence_score
0,25.7,27.90417132493007,-2.204171324930069,gradient_boosting,digital_dependence_score
1497,36.68415185296776,36.782923614638364,-0.09877176167060497,gradient_boosting,digital_dependence_score
1444,33.8,34.04324310823867,-0.2432431082386728,gradient_boosting,digital_dependence_score
3366,48.7,48.20977218988973,0.4902278101102695,gradient_boosting,digital_dependence_score
573,85.0,86.25797495156723,-1.2579749515672347,gradient_boosting,digital_dependence_score
1431,33.8,34.73218543013946,-0.9321854301394623,gradient_boosting,digital_dependence_score
2955,28.6,29.78827919652939,-1.1882791965293897,gradient_boosting,digital_dependence_score
1786,25.2,27.097200599963067,-1.8972005999630674,gradient_boosting,digital_dependence_score
247,26.4,26.402911625285896,-0.002911625285896946,gradient_boosting,digital_dependence_score
423,46.5,47.19655402459272,-0.6965540245927215,gradient_boosting,digital_dependence_score
1554,27.0,27.70850487355737,-0.70850487355737,gradient_boosting,digital_dependence_score
721,50.3,49.86389436755935,0.4361056324406505,gradient_boosting,digital_dependence_score
2098,28.7,27.987600093321216,0.7123999066787832,gradient_boosting,digital_dependence_score
1022,40.0,38.75703128204683,1.2429687179531683,gradient_boosting,digital_dependence_score
807,40.0,39.46264374832523,0.5373562516747725,gradient_boosting,digital_dependence_score
175,25.1,27.085208424028902,-1.985208424028901,gradient_boosting,digital_dependence_score
278,31.7,35.97597983615195,-4.275979836151951,gradient_boosting,digital_dependence_score
2620,11.8,14.404980715824244,-2.6049807158242437,gradient_boosting,digital_dependence_score
2769,22.6,22.801569445002595,-0.201569445002594,gradient_boosting,digital_dependence_score
1084,48.2,48.239528222207944,-0.03952822220794161,gradient_boosting,digital_dependence_score
1556,23.7,23.556006983315296,0.14399301668470343,gradient_boosting,digital_dependence_score
2229,64.9,65.19232181574017,-0.29232181574016636,gradient_boosting,digital_dependence_score
416,36.0,36.395127855022714,-0.3951278550227144,gradient_boosting,digital_dependence_score
2283,52.0,51.86575693337168,0.13424306662832208,gradient_boosting,digital_dependence_score
217,37.7,37.84312463298479,-0.14312463298478661,gradient_boosting,digital_dependence_score
1536,33.5,34.58964729916806,-1.0896472991680568,gradient_boosting,digital_dependence_score
2684,46.7,46.7789347271496,-0.07893472714959415,gradient_boosting,digital_dependence_score
2953,34.1,34.275635633744955,-0.17563563374495317,gradient_boosting,digital_dependence_score
2260,30.7,31.599988108414625,-0.8999881084146253,gradient_boosting,digital_dependence_score
3351,20.7,20.80256281716453,-0.1025628171645323,gradient_boosting,digital_dependence_score
3404,32.7,33.79002550107422,-1.0900255010742157,gradient_boosting,digital_dependence_score
712,24.7,25.824133069902754,-1.1241330699027543,gradient_boosting,digital_dependence_score
449,37.4,37.10840762852702,0.29159237147298,gradient_boosting,digital_dependence_score
3492,61.2,59.238219240543124,1.9617807594568788,gradient_boosting,digital_dependence_score
1465,42.5,41.59666535624267,0.9033346437573329,gradient_boosting,digital_dependence_score
785,60.5,58.8553190640688,1.6446809359311985,gradient_boosting,digital_dependence_score
433,38.7,38.89953996181632,-0.1995399618163205,gradient_boosting,digital_dependence_score
952,41.7,41.84839798268891,-0.14839798268890547,gradient_boosting,digital_dependence_score
371,42.8,43.087176684120756,-0.2871766841207588,gradient_boosting,digital_dependence_score
2878,78.1,75.9426816721829,2.1573183278170944,gradient_boosting,digital_dependence_score
2103,38.7,38.68880846191275,0.01119153808725315,gradient_boosting,digital_dependence_score
1637,51.9,52.60826396425292,-0.7082639642529216,gradient_boosting,digital_dependence_score
596,27.6,27.357648332913953,0.24235166708604794,gradient_boosting,digital_dependence_score
1812,50.4,50.13948302458297,0.26051697541702623,gradient_boosting,digital_dependence_score
2272,30.3,31.87127209228202,-1.571272092282019,gradient_boosting,digital_dependence_score
2077,20.9,20.661696154419587,0.23830384558041118,gradient_boosting,digital_dependence_score
1261,63.9,63.74155482409227,0.15844517590772966,gradient_boosting,digital_dependence_score
1149,33.3,33.63895119514162,-0.3389511951416253,gradient_boosting,digital_dependence_score
246,21.6,21.048357810590943,0.5516421894090584,gradient_boosting,digital_dependence_score
505,36.68415185296776,43.00912200940826,-6.3249701564405,gradient_boosting,digital_dependence_score
2845,65.4,65.39894894457034,0.0010510554296701002,gradient_boosting,digital_dependence_score
1784,62.0,60.637670123208515,1.3623298767914847,gradient_boosting,digital_dependence_score
2564,74.0,70.06287044646065,3.93712955353935,gradient_boosting,digital_dependence_score
3022,31.0,31.230105355394347,-0.23010535539434684,gradient_boosting,digital_dependence_score
1839,55.7,53.35877611904221,2.3412238809577914,gradient_boosting,digital_dependence_score
2794,39.0,39.92277805410564,-0.9227780541056418,gradient_boosting,digital_dependence_score
564,26.2,28.83622179845513,-2.636221798455132,gradient_boosting,digital_dependence_score
2183,55.0,55.29300864502037,-0.2930086450203717,gradient_boosting,digital_dependence_score
1894,19.2,18.303177808023033,0.8968221919769661,gradient_boosting,digital_dependence_score
1041,58.3,59.96191288726339,-1.6619128872633908,gradient_boosting,digital_dependence_score
1461,30.6,30.90644885608012,-0.3064488560801202,gradient_boosting,digital_dependence_score
1764,62.5,63.10053291015523,-0.6005329101552306,gradient_boosting,digital_dependence_score
2913,39.6,39.90034361834116,-0.3003436183411594,gradient_boosting,digital_dependence_score
1414,34.7,37.2784698034241,-2.578469803424099,gradient_boosting,digital_dependence_score
2689,22.6,22.970368736324062,-0.3703687363240604,gradient_boosting,digital_dependence_score
485,46.1,45.42487482243114,0.6751251775688587,gradient_boosting,digital_dependence_score
1983,12.9,13.071887498321374,-0.1718874983213734,gradient_boosting,digital_dependence_score
3482,63.4,63.0885851211709,0.3114148788290976,gradient_boosting,digital_dependence_score
258,33.5,33.67937580376455,-0.1793758037645503,gradient_boosting,digital_dependence_score
1795,41.7,40.171093752739345,1.5289062472606574,gradient_boosting,digital_dependence_score
1703,29.5,29.839599042624947,-0.3395990426249469,gradient_boosting,digital_dependence_score
985,25.1,25.024477043987556,0.07552295601244552,gradient_boosting,digital_dependence_score
2934,36.68415185296776,32.00974485507448,4.6744069978932785,gradient_boosting,digital_dependence_score
2533,27.9,28.420490006238,-0.5204900062380027,gradient_boosting,digital_dependence_score
642,45.9,46.50315183256283,-0.6031518325628298,gradient_boosting,digital_dependence_score
1886,34.6,34.68810704118017,-0.08810704118016588,gradient_boosting,digital_dependence_score
862,28.6,29.358916928138772,-0.7589169281387704,gradient_boosting,digital_dependence_score
3409,28.7,29.021761743132686,-0.32176174313268646,gradient_boosting,digital_dependence_score
1362,24.0,24.185674002575883,-0.18567400257588318,gradient_boosting,digital_dependence_score
2370,37.4,36.502418091128995,0.897581908871004,gradient_boosting,digital_dependence_score
1779,28.1,28.605982304142156,-0.5059823041421545,gradient_boosting,digital_dependence_score
1537,27.3,26.69089281675245,0.6091071832475521,gradient_boosting,digital_dependence_score
3344,34.7,33.696354471599086,1.0036455284009165,gradient_boosting,digital_dependence_score
296,19.8,20.561445913990546,-0.7614459139905456,gradient_boosting,digital_dependence_score
3055,36.5,37.60524648253871,-1.1052464825387105,gradient_boosting,digital_dependence_score
507,37.9,38.233418067219986,-0.3334180672199878,gradient_boosting,digital_dependence_score
7,25.7,26.61658347526823,-0.9165834752682294,gradient_boosting,digital_dependence_score
1915,23.9,24.75600413788077,-0.8560041378807703,gradient_boosting,digital_dependence_score
2691,52.3,53.46957872374961,-1.1695787237496162,gradient_boosting,digital_dependence_score
3413,28.5,26.228348811444747,2.2716511885552535,gradient_boosting,digital_dependence_score
2415,53.9,52.56045552180495,1.3395444781950516,gradient_boosting,digital_dependence_score
1385,24.0,24.63626240162739,-0.6362624016273912,gradient_boosting,digital_dependence_score
1830,29.6,30.484972795640516,-0.8849727956405147,gradient_boosting,digital_dependence_score
3373,18.8,18.015766808224907,0.784233191775094,gradient_boosting,digital_dependence_score
1361,21.0,22.141008666157585,-1.1410086661575853,gradient_boosting,digital_dependence_score
1110,39.0,37.63873487451562,1.3612651254843797,gradient_boosting,digital_dependence_score
1064,55.2,54.30549347770145,0.8945065222985562,gradient_boosting,digital_dependence_score
96,50.8,51.06822539275518,-0.2682253927551841,gradient_boosting,digital_dependence_score
893,44.7,44.55070501187908,0.14929498812092135,gradient_boosting,digital_dependence_score
736,52.7,52.09599129915784,0.6040087008421651,gradient_boosting,digital_dependence_score
937,23.7,23.1686110673714,0.5313889326285981,gradient_boosting,digital_dependence_score
1735,37.7,37.6991709222847,0.0008290777153021622,gradient_boosting,digital_dependence_score
25,48.7,48.91035603732303,-0.21035603732302377,gradient_boosting,digital_dependence_score
2238,69.7,69.17293420935579,0.5270657906442153,gradient_boosting,digital_dependence_score
829,68.2,67.85228622018538,0.3477137798146259,gradient_boosting,digital_dependence_score
2380,25.8,25.225079629187647,0.5749203708123538,gradient_boosting,digital_dependence_score
1042,27.4,27.373089603598586,0.02691039640141213,gradient_boosting,digital_dependence_score
3493,74.6,75.30211805792186,-0.7021180579218651,gradient_boosting,digital_dependence_score
2176,23.0,23.162786447887033,-0.1627864478870329,gradient_boosting,digital_dependence_score
1746,29.0,29.63161532587689,-0.63161532587689,gradient_boosting,digital_dependence_score
67,43.8,44.310070227564516,-0.510070227564519,gradient_boosting,digital_dependence_score
2412,17.0,16.490488289972014,0.5095117100279865,gradient_boosting,digital_dependence_score
818,33.6,34.43305387600372,-0.8330538760037172,gradient_boosting,digital_dependence_score
1626,31.6,30.942443880162283,0.657556119837718,gradient_boosting,digital_dependence_score
3295,32.3,33.34085559544698,-1.0408555954469847,gradient_boosting,digital_dependence_score
1018,50.8,51.07907523427043,-0.27907523427042946,gradient_boosting,digital_dependence_score
31,20.6,20.857725372620532,-0.25772537262053064,gradient_boosting,digital_dependence_score
3487,22.5,22.67814024504505,-0.17814024504505,gradient_boosting,digital_dependence_score
2851,20.5,19.239143082059623,1.2608569179403766,gradient_boosting,digital_dependence_score
610,69.3,66.89715880458924,2.4028411954107582,gradient_boosting,digital_dependence_score
1972,24.5,23.78087358625911,0.7191264137408915,gradient_boosting,digital_dependence_score
3243,27.8,28.366819092711573,-0.5668190927115724,gradient_boosting,digital_dependence_score
343,17.7,17.923651839088105,-0.22365183908810593,gradient_boosting,digital_dependence_score
2132,58.9,57.65323695383595,1.2467630461640482,gradient_boosting,digital_dependence_score
1916,42.6,42.917033438759596,-0.31703343875959433,gradient_boosting,digital_dependence_score
2866,36.68415185296776,38.280582745988035,-1.5964308930202762,gradient_boosting,digital_dependence_score
2871,52.6,52.210641527988656,0.3893584720113452,gradient_boosting,digital_dependence_score
3046,28.1,31.44898610107631,-3.34898610107631,gradient_boosting,digital_dependence_score
3195,27.0,26.66892940493083,0.33107059506917125,gradient_boosting,digital_dependence_score
809,5.6,13.060372402678938,-7.460372402678939,gradient_boosting,digital_dependence_score
2515,69.4,69.85404870444687,-0.45404870444686196,gradient_boosting,digital_dependence_score
2827,25.3,25.01343949610786,0.28656050389214016,gradient_boosting,digital_dependence_score
2389,16.2,26.796718593959756,-10.596718593959757,gradient_boosting,digital_dependence_score
3282,39.6,38.77589413151634,0.8241058684836631,gradient_boosting,digital_dependence_score
576,23.6,24.60827638553182,-1.0082763855318184,gradient_boosting,digital_dependence_score
3147,38.2,38.23321495201673,-0.03321495201672775,gradient_boosting,digital_dependence_score
2195,38.7,38.91793603643864,-0.2179360364386369,gradient_boosting,digital_dependence_score
3304,32.5,34.479944367870935,-1.9799443678709352,gradient_boosting,digital_dependence_score
2218,45.5,47.74407237347721,-2.2440723734772092,gradient_boosting,digital_dependence_score
528,30.7,31.123902528028133,-0.4239025280281332,gradient_boosting,digital_dependence_score
176,70.3,70.23736008694358,0.06263991305641525,gradient_boosting,digital_dependence_score
1412,25.0,25.643182610931046,-0.6431826109310457,gradient_boosting,digital_dependence_score
422,20.3,21.311420709174648,-1.0114207091746472,gradient_boosting,digital_dependence_score
1178,62.4,61.49422600100222,0.9057739989977804,gradient_boosting,digital_dependence_score
1572,39.8,37.79531724774165,2.004682752258347,gradient_boosting,digital_dependence_score
3311,42.8,42.94117229593042,-0.14117229593042424,gradient_boosting,digital_dependence_score
3284,13.7,13.264362935775479,0.43563706422452064,gradient_boosting,digital_dependence_score
816,60.3,59.321379222283745,0.9786207777162517,gradient_boosting,digital_dependence_score
2805,29.6,30.2208589825331,-0.6208589825331003,gradient_boosting,digital_dependence_score
288,26.8,27.254329947126756,-0.45432994712675523,gradient_boosting,digital_dependence_score
2971,34.6,34.86784343628411,-0.2678434362841102,gradient_boosting,digital_dependence_score
2325,14.4,15.027133988419077,-0.627133988419077,gradient_boosting,digital_dependence_score
2469,29.9,29.840728146619288,0.05927185338071084,gradient_boosting,digital_dependence_score
1320,41.5,41.81809004196607,-0.31809004196607304,gradient_boosting,digital_dependence_score
177,29.6,30.60449464971432,-1.0044946497143172,gradient_boosting,digital_dependence_score
759,64.2,66.24761262047303,-2.047612620473032,gradient_boosting,digital_dependence_score
1057,39.0,38.167804535586505,0.8321954644134948,gradient_boosting,digital_dependence_score
2554,38.5,37.26801728536147,1.2319827146385265,gradient_boosting,digital_dependence_score
2335,35.5,36.50368027085725,-1.0036802708572523,gradient_boosting,digital_dependence_score
370,7.9,10.546901601812152,-2.646901601812152,gradient_boosting,digital_dependence_score
1419,39.0,38.824359493387206,0.17564050661279396,gradient_boosting,digital_dependence_score
598,48.3,48.14115675226902,0.15884324773097802,gradient_boosting,digital_dependence_score
2127,38.1,38.82360118254523,-0.7236011825452309,gradient_boosting,digital_dependence_score
729,36.68415185296776,36.512758662750755,0.17139319021700317,gradient_boosting,digital_dependence_score
3038,22.8,22.43985282820606,0.3601471717939404,gradient_boosting,digital_dependence_score
3359,48.9,48.03679730554862,0.8632026944513811,gradient_boosting,digital_dependence_score
1171,21.0,22.175134303814993,-1.1751343038149926,gradient_boosting,digital_dependence_score
1539,22.3,21.3559705616008,0.9440294383992018,gradient_boosting,digital_dependence_score
2706,74.7,72.514902040798,2.185097959201997,gradient_boosting,digital_dependence_score
141,42.9,42.007718760714745,0.8922812392852535,gradient_boosting,digital_dependence_score
1811,31.0,31.97481922942992,-0.9748192294299187,gradient_boosting,digital_dependence_score
665,30.5,31.205518882204483,-0.7055188822044833,gradient_boosting,digital_dependence_score
2857,23.0,22.82163515990471,0.1783648400952913,gradient_boosting,digital_dependence_score
2059,13.5,14.259251144421361,-0.759251144421361,gradient_boosting,digital_dependence_score
654,36.68415185296776,26.24619148138485,10.437960371582907,gradient_boosting,digital_dependence_score
471,48.9,48.403490169449356,0.496509830550643,gradient_boosting,digital_dependence_score
1027,32.4,32.051641539149855,0.3483584608501431,gradient_boosting,digital_dependence_score
1788,28.6,28.252823318715066,0.3471766812849353,gradient_boosting,digital_dependence_score
2988,67.2,65.8635497736319,1.3364502263681004,gradient_boosting,digital_dependence_score
752,57.2,57.38715088870079,-0.1871508887007849,gradient_boosting,digital_dependence_score
2601,42.3,43.265108880412534,-0.9651088804125365,gradient_boosting,digital_dependence_score
2948,43.6,42.25899448339647,1.3410055166035306,gradient_boosting,digital_dependence_score
1117,26.5,26.930382198116575,-0.4303821981165754,gradient_boosting,digital_dependence_score
195,18.5,20.55296581857301,-2.0529658185730106,gradient_boosting,digital_dependence_score
532,47.6,47.377997060713824,0.22200293928617754,gradient_boosting,digital_dependence_score
3179,14.8,16.091560902411675,-1.2915609024116748,gradient_boosting,digital_dependence_score
2144,26.1,25.827412100699398,0.27258789930060345,gradient_boosting,digital_dependence_score
2746,44.2,43.57692229060794,0.6230777093920636,gradient_boosting,digital_dependence_score
2115,29.4,28.786174355355215,0.6138256446447841,gradient_boosting,digital_dependence_score
1023,36.4,36.43967821633585,-0.03967821633585089,gradient_boosting,digital_dependence_score
555,64.4,63.48467486613808,0.915325133861927,gradient_boosting,digital_dependence_score
2319,20.6,20.16724202091947,0.43275797908053093,gradient_boosting,digital_dependence_score
2920,50.7,49.66474091739837,1.035259082601634,gradient_boosting,digital_dependence_score
2250,24.0,22.83457221233355,1.1654277876664487,gradient_boosting,digital_dependence_score
3127,28.7,29.795002183460213,-1.0950021834602133,gradient_boosting,digital_dependence_score
744,35.5,36.52566724544728,-1.0256672454472806,gradient_boosting,digital_dependence_score
631,66.1,65.00997805187534,1.090021948124658,gradient_boosting,digital_dependence_score
1557,22.2,24.412289217805668,-2.212289217805669,gradient_boosting,digital_dependence_score
2213,22.3,21.83655766442805,0.46344233557195125,gradient_boosting,digital_dependence_score
162,29.9,31.994245587795966,-2.0942455877959674,gradient_boosting,digital_dependence_score
1001,20.0,20.847082522135366,-0.8470825221353664,gradient_boosting,digital_dependence_score
1718,35.3,35.346512951127394,-0.04651295112739717,gradient_boosting,digital_dependence_score
1003,26.9,26.14148929077778,0.7585107092222181,gradient_boosting,digital_dependence_score
1233,45.8,46.893501276581006,-1.0935012765810086,gradient_boosting,digital_dependence_score
1029,41.9,40.77853133905763,1.1214686609423694,gradient_boosting,digital_dependence_score
547,26.2,26.568039271935152,-0.36803927193515307,gradient_boosting,digital_dependence_score
2453,18.0,18.62829383005837,-0.6282938300583716,gradient_boosting,digital_dependence_score
2889,30.4,30.801070665237607,-0.4010706652376079,gradient_boosting,digital_dependence_score
3310,30.2,29.458538678339895,0.741461321660104,gradient_boosting,digital_dependence_score
568,24.7,24.980262722604678,-0.28026272260467877,gradient_boosting,digital_dependence_score
2159,42.5,41.38699847252022,1.1130015274797813,gradient_boosting,digital_dependence_score
3384,36.68415185296776,38.64964890719826,-1.9654970542305037,gradient_boosting,digital_dependence_score
940,26.8,27.348778698728967,-0.5487786987289667,gradient_boosting,digital_dependence_score
2279,14.3,13.315550225942177,0.9844497740578237,gradient_boosting,digital_dependence_score
611,29.8,29.7034279734271,0.09657202657290043,gradient_boosting,digital_dependence_score
1869,28.8,28.34328801475843,0.4567119852415722,gradient_boosting,digital_dependence_score
3210,28.5,28.728589504933538,-0.22858950493353802,gradient_boosting,digital_dependence_score
1611,42.6,41.928548839133235,0.6714511608667664,gradient_boosting,digital_dependence_score
2751,29.4,30.017252645208945,-0.6172526452089464,gradient_boosting,digital_dependence_score
756,19.6,20.361095753291263,-0.7610957532912614,gradient_boosting,digital_dependence_score
2632,28.9,28.68355866512638,0.21644133487361827,gradient_boosting,digital_dependence_score
581,19.6,19.055393731671103,0.5446062683288986,gradient_boosting,digital_dependence_score
1941,63.6,60.73956894209988,2.860431057900122,gradient_boosting,digital_dependence_score
1653,19.3,20.810605757883327,-1.5106057578833259,gradient_boosting,digital_dependence_score
976,33.2,32.24777253302669,0.9522274669733122,gradient_boosting,digital_dependence_score
73,22.2,22.84459623695125,-0.6445962369512515,gradient_boosting,digital_dependence_score
48,25.3,25.13207993835278,0.1679200616472194,gradient_boosting,digital_dependence_score
3231,59.5,60.98725831931755,-1.4872583193175473,gradient_boosting,digital_dependence_score
3338,31.3,31.634408339377053,-0.3344083393770525,gradient_boosting,digital_dependence_score
3260,42.9,42.466047365521646,0.4339526344783522,gradient_boosting,digital_dependence_score
3122,37.5,38.024679671615694,-0.5246796716156936,gradient_boosting,digital_dependence_score
1949,32.1,32.85300033774919,-0.7530003377491852,gradient_boosting,digital_dependence_score
2937,36.68415185296776,47.54015812322287,-10.856006270255108,gradient_boosting,digital_dependence_score
1164,62.8,63.395172025734865,-0.5951720257348683,gradient_boosting,digital_dependence_score
2685,36.0,35.73117718955563,0.2688228104443695,gradient_boosting,digital_dependence_score
1995,15.1,15.91906730703734,-0.81906730703734,gradient_boosting,digital_dependence_score
2323,67.5,68.10151336113064,-0.6015133611306425,gradient_boosting,digital_dependence_score
1480,36.68415185296776,37.959672417709925,-1.2755205647421661,gradient_boosting,digital_dependence_score
1494,69.5,70.15945311317375,-0.659453113173754,gradient_boosting,digital_dependence_score
1006,36.68415185296776,34.11312935036079,2.571022502606965,gradient_boosting,digital_dependence_score
572,63.5,62.61280808940412,0.887191910595881,gradient_boosting,digital_dependence_score
1999,18.3,17.718850695868056,0.5811493041319444,gradient_boosting,digital_dependence_score
2802,47.8,47.61721111237308,0.18278888762691992,gradient_boosting,digital_dependence_score
1116,36.3,38.268451491407845,-1.9684514914078477,gradient_boosting,digital_dependence_score
1032,25.1,25.11125397870852,-0.011253978708516854,gradient_boosting,digital_dependence_score
2140,24.0,24.741519659934834,-0.7415196599348342,gradient_boosting,digital_dependence_score
2233,48.2,48.51157921582208,-0.3115792158220785,gradient_boosting,digital_dependence_score
948,24.6,24.90385585532471,-0.30385585532470927,gradient_boosting,digital_dependence_score
2458,53.9,55.459052547807595,-1.559052547807596,gradient_boosting,digital_dependence_score
1732,26.8,27.32356183621134,-0.5235618362113392,gradient_boosting,digital_dependence_score
3394,16.1,16.03295348212214,0.06704651787786275,gradient_boosting,digital_dependence_score
3330,20.7,20.30343933183748,0.3965606681625182,gradient_boosting,digital_dependence_score
2678,36.68415185296776,47.51760152767022,-10.833449674702464,gradient_boosting,digital_dependence_score
3035,25.1,24.938275697598176,0.16172430240182578,gradient_boosting,digital_dependence_score
3230,33.7,35.261226999920574,-1.5612269999205708,gradient_boosting,digital_dependence_score
259,27.0,27.89619671722897,-0.8961967172289711,gradient_boosting,digital_dependence_score
3432,25.1,32.84692224235696,-7.746922242356959,gradient_boosting,digital_dependence_score
1742,30.7,31.793846677464753,-1.0938466774647537,gradient_boosting,digital_dependence_score
3159,29.5,29.50520720607538,-0.005207206075379389,gradient_boosting,digital_dependence_score
2527,37.4,37.82769593455678,-0.42769593455678034,gradient_boosting,digital_dependence_score
1468,28.8,29.105576835278768,-0.30557683527876733,gradient_boosting,digital_dependence_score
764,56.9,56.07546026697197,0.8245397330280255,gradient_boosting,digital_dependence_score
2792,36.6,36.968655935435386,-0.36865593543538466,gradient_boosting,digital_dependence_score
1878,26.5,27.026231934066555,-0.5262319340665549,gradient_boosting,digital_dependence_score
2692,66.3,66.30099631444568,-0.0009963144456861528,gradient_boosting,digital_dependence_score
3178,32.5,32.344153607676795,0.1558463923232054,gradient_boosting,digital_dependence_score
1309,37.0,36.34126271116708,0.658737288832917,gradient_boosting,digital_dependence_score
2345,45.7,46.232330637892765,-0.5323306378927626,gradient_boosting,digital_dependence_score
811,31.0,31.555273233080158,-0.5552732330801575,gradient_boosting,digital_dependence_score
1037,65.4,62.38272016081499,3.017279839185015,gradient_boosting,digital_dependence_score
2852,46.2,46.703290097051266,-0.5032900970512628,gradient_boosting,digital_dependence_score
1132,11.3,11.98530410728802,-0.6853041072880188,gradient_boosting,digital_dependence_score
2758,21.6,21.914647069124374,-0.3146470691243728,gradient_boosting,digital_dependence_score
1659,44.9,45.61837213539675,-0.7183721353967485,gradient_boosting,digital_dependence_score
2084,30.4,31.612650054458133,-1.212650054458134,gradient_boosting,digital_dependence_score
2997,26.8,26.548481354042995,0.251518645957006,gradient_boosting,digital_dependence_score
1452,46.1,46.86292946703931,-0.7629294670393065,gradient_boosting,digital_dependence_score
2097,22.6,22.79933996563155,-0.1993399656315482,gradient_boosting,digital_dependence_score
2257,44.1,45.5448640360977,-1.444864036097698,gradient_boosting,digital_dependence_score
2665,48.5,41.91723134722495,6.5827686527750515,gradient_boosting,digital_dependence_score
3451,30.9,29.90647093541324,0.9935290645867596,gradient_boosting,digital_dependence_score
108,16.6,17.083494982429947,-0.4834949824299457,gradient_boosting,digital_dependence_score
2633,40.3,41.091911876259026,-0.7919118762590287,gradient_boosting,digital_dependence_score
2553,37.7,37.181615332126526,0.5183846678734767,gradient_boosting,digital_dependence_score
2810,24.7,27.17729793479819,-2.477297934798191,gradient_boosting,digital_dependence_score
318,65.8,68.9204041656877,-3.1204041656877024,gradient_boosting,digital_dependence_score
59,13.0,13.47693374167765,-0.4769337416776498,gradient_boosting,digital_dependence_score
810,36.8,36.8191221379374,-0.019122137937401362,gradient_boosting,digital_dependence_score
1613,35.3,34.52154457558455,0.7784554244154478,gradient_boosting,digital_dependence_score
1068,55.1,53.55878359631016,1.5412164036898446,gradient_boosting,digital_dependence_score
1231,24.3,24.44517481386827,-0.14517481386826958,gradient_boosting,digital_dependence_score
3412,53.3,53.795418801934574,-0.49541880193457644,gradient_boosting,digital_dependence_score
2438,40.9,41.76721014331042,-0.8672101433104231,gradient_boosting,digital_dependence_score
765,47.3,47.122032974234216,0.17796702576578127,gradient_boosting,digital_dependence_score
847,37.9,38.16020560893992,-0.26020560893991984,gradient_boosting,digital_dependence_score
1514,52.1,53.15160249223704,-1.0516024922370377,gradient_boosting,digital_dependence_score
2421,57.1,55.944778160026154,1.1552218399738479,gradient_boosting,digital_dependence_score
3481,16.2,15.725314233976194,0.4746857660238053,gradient_boosting,digital_dependence_score
3084,22.0,23.00794765474546,-1.007947654745461,gradient_boosting,digital_dependence_score
727,30.2,31.01155694548873,-0.8115569454887321,gradient_boosting,digital_dependence_score
864,38.3,37.515024582669135,0.7849754173308625,gradient_boosting,digital_dependence_score
3224,18.5,18.323966899406578,0.17603310059342192,gradient_boosting,digital_dependence_score
220,24.3,25.270128465077317,-0.9701284650773161,gradient_boosting,digital_dependence_score
2542,32.5,33.169544253296905,-0.6695442532969054,gradient_boosting,digital_dependence_score
582,43.2,43.18923331622917,0.01076668377083223,gradient_boosting,digital_dependence_score
3100,20.9,22.00734701543864,-1.1073470154386413,gradient_boosting,digital_dependence_score
1532,18.9,17.689385032161898,1.2106149678381009,gradient_boosting,digital_dependence_score
1161,54.5,55.026453563232266,-0.5264535632322662,gradient_boosting,digital_dependence_score
56,36.68415185296776,33.15920315264753,3.5249487003202304,gradient_boosting,digital_dependence_score
187,72.1,71.90407571806553,0.19592428193446665,gradient_boosting,digital_dependence_score
2069,32.2,34.59129733422907,-2.3912973342290655,gradient_boosting,digital_dependence_score
2011,23.6,22.403329897050003,1.196670102949998,gradient_boosting,digital_dependence_score
2366,38.8,37.91537131119208,0.8846286888079149,gradient_boosting,digital_dependence_score
3089,52.2,51.82871051579594,0.3712894842040626,gradient_boosting,digital_dependence_score
468,33.6,33.42053059096658,0.17946940903342323,gradient_boosting,digital_dependence_score
1344,34.7,34.26376382035379,0.4362361796462153,gradient_boosting,digital_dependence_score
2906,39.9,40.39058503350944,-0.49058503350943994,gradient_boosting,digital_dependence_score
2185,28.3,28.867259445790136,-0.5672594457901354,gradient_boosting,digital_dependence_score
226,40.5,39.76817753112128,0.7318224688787183,gradient_boosting,digital_dependence_score
535,32.5,36.13671533594949,-3.6367153359494893,gradient_boosting,digital_dependence_score
2126,27.2,26.25010427164015,0.9498957283598486,gradient_boosting,digital_dependence_score
1953,30.4,29.734117083162925,0.6658829168370737,gradient_boosting,digital_dependence_score
1159,36.68415185296776,27.77902748132833,8.905124371639427,gradient_boosting,digital_dependence_score
1553,38.3,37.40246422900393,0.8975357709960647,gradient_boosting,digital_dependence_score
2457,27.7,28.39744151872715,-0.6974415187271497,gradient_boosting,digital_dependence_score
2925,18.4,18.5616277079698,-0.16162770796980297,gradient_boosting,digital_dependence_score
1034,15.4,15.114479170556994,0.2855208294430067,gradient_boosting,digital_dependence_score
2666,52.6,54.08780424226268,-1.4878042422626763,gradient_boosting,digital_dependence_score
3237,51.4,49.03457284938763,2.365427150612369,gradient_boosting,digital_dependence_score
69,22.6,23.134695904045916,-0.5346959040459147,gradient_boosting,digital_dependence_score
734,25.1,26.015971859235947,-0.9159718592359454,gradient_boosting,digital_dependence_score
1610,9.7,9.820259349644198,-0.12025934964419882,gradient_boosting,digital_dependence_score
3177,33.4,32.65025135851944,0.7497486414805579,gradient_boosting,digital_dependence_score
3064,37.2,37.53676755074658,-0.33676755074657905,gradient_boosting,digital_dependence_score
376,25.4,25.63215409775097,-0.2321540977509713,gradient_boosting,digital_dependence_score
436,41.9,40.47951953456473,1.4204804654352685,gradient_boosting,digital_dependence_score
2355,32.4,31.930457494172526,0.4695425058274729,gradient_boosting,digital_dependence_score
2034,36.68415185296776,38.59410200325919,-1.9099501502914293,gradient_boosting,digital_dependence_score
1580,25.1,25.08337051538668,0.01662948461332192,gradient_boosting,digital_dependence_score
208,36.68415185296776,34.94387470122201,1.740277151745751,gradient_boosting,digital_dependence_score
2876,39.3,39.07011393537142,0.2298860646285803,gradient_boosting,digital_dependence_score
565,55.2,55.100217409512446,0.09978259048755689,gradient_boosting,digital_dependence_score
313,50.2,51.41595894620253,-1.2159589462025266,gradient_boosting,digital_dependence_score
601,44.1,43.30994726178111,0.7900527382188898,gradient_boosting,digital_dependence_score
233,60.7,60.253473267018215,0.4465267329817877,gradient_boosting,digital_dependence_score
1652,18.2,18.05497602465513,0.14502397534486988,gradient_boosting,digital_dependence_score
2833,36.68415185296776,37.41294040121468,-0.7287885482469179,gradient_boosting,digital_dependence_score
3379,67.1,65.27428340903568,1.8257165909643192,gradient_boosting,digital_dependence_score
12,38.4,38.782299657926266,-0.38229965792626786,gradient_boosting,digital_dependence_score
111,24.9,24.596270633121634,0.3037293668783647,gradient_boosting,digital_dependence_score
2268,42.7,41.32210074103144,1.3778992589685615,gradient_boosting,digital_dependence_score
1897,16.0,17.42390774512676,-1.4239077451267583,gradient_boosting,digital_dependence_score
1578,31.4,31.163001835492345,0.23699816450765354,gradient_boosting,digital_dependence_score
2425,35.1,35.34457756941631,-0.24457756941630748,gradient_boosting,digital_dependence_score
3495,29.6,30.681004061638028,-1.0810040616380263,gradient_boosting,digital_dependence_score
1457,45.6,46.28786199031937,-0.6878619903193695,gradient_boosting,digital_dependence_score
472,31.5,30.817817831271416,0.6821821687285841,gradient_boosting,digital_dependence_score
2037,44.3,42.826267385591905,1.4737326144080924,gradient_boosting,digital_dependence_score
831,39.3,39.29188249373374,0.008117506266259511,gradient_boosting,digital_dependence_score
1992,33.4,33.07818495908121,0.32181504091878566,gradient_boosting,digital_dependence_score
1104,24.1,24.53293605268442,-0.43293605268441837,gradient_boosting,digital_dependence_score
3173,25.7,25.82665750353107,-0.12665750353107086,gradient_boosting,digital_dependence_score
1426,16.3,16.39612607862515,-0.09612607862515077,gradient_boosting,digital_dependence_score
1545,41.1,41.18585874467806,-0.0858587446780561,gradient_boosting,digital_dependence_score
1503,35.3,34.56038403381487,0.7396159661851271,gradient_boosting,digital_dependence_score
2529,34.6,34.62215897270722,-0.022158972707217117,gradient_boosting,digital_dependence_score
1609,32.0,32.20866281411398,-0.20866281411397836,gradient_boosting,digital_dependence_score
655,56.3,53.918546173088146,2.3814538269118515,gradient_boosting,digital_dependence_score
1608,53.5,53.43794957506433,0.06205042493566992,gradient_boosting,digital_dependence_score
361,40.9,41.787261923291226,-0.8872619232912271,gradient_boosting,digital_dependence_score
135,41.4,42.900498661603194,-1.5004986616031957,gradient_boosting,digital_dependence_score
2430,28.0,28.700894845188277,-0.7008948451882766,gradient_boosting,digital_dependence_score
3082,41.9,39.11105691984303,2.788943080156969,gradient_boosting,digital_dependence_score
1146,13.3,15.760252759260366,-2.4602527592603654,gradient_boosting,digital_dependence_score
