model,search_type,mean_fit_time,std_fit_time,mean_score_time,std_score_time,params,split0_test_r2,split1_test_r2,split2_test_r2,split3_test_r2,split4_test_r2,mean_test_r2,std_test_r2,rank_test_r2,split0_test_neg_mse,split1_test_neg_mse,split2_test_neg_mse,split3_test_neg_mse,split4_test_neg_mse,mean_test_neg_mse,std_test_neg_mse,rank_test_neg_mse,split0_test_neg_mae,split1_test_neg_mae,split2_test_neg_mae,split3_test_neg_mae,split4_test_neg_mae,mean_test_neg_mae,std_test_neg_mae,rank_test_neg_mae,best_params,param_model__alpha,param_model__n_estimators,param_model__min_samples_leaf,param_model__max_depth,param_model__learning_rate
linear_regression,grid,0.011340141296386719,0.0008304399279726332,0.004344940185546875,0.0007615591616663259,{},-0.020718106751807408,-0.012396880217722783,0.008598252603940648,0.00948360116025504,0.015946614472803766,0.00018269625349385255,0.014148631374510032,1,-91.4108824174178,-98.99084653758747,-98.80491480306719,-95.54322386557739,-95.61532577951867,-96.0730386806337,2.7641510703710455,1,-7.387098401871036,-7.794433287373249,-7.790199838231773,-7.714382475010496,-7.753811712146761,-7.687985142926664,0.1531938893637382,1,{},,,,,
ridge,grid,0.016068458557128906,0.0007643095023502851,0.007386970520019531,0.00114015692631641,{'model__alpha': 0.01},-0.020718096036222544,-0.012392774835034537,0.008598829432019506,0.009483873513073893,0.015946839892002296,0.00018373439316772268,0.014148052917599277,5,-91.41088145777863,-98.99044511862263,-98.80485731532387,-95.5431975949711,-95.61530387671297,-96.07293707268184,2.7640570190585807,5,-7.387101294569468,-7.794402128246818,-7.790197846759917,-7.714377505090658,-7.7538069699270675,-7.687977148918786,0.15318757858424173,5,{'model__alpha': 100},0.01,,,,
ridge,grid,0.019039726257324217,0.004723179594526499,0.007655620574951172,0.001584099667567355,{'model__alpha': 0.1},-0.0207179926365888,-0.012355937553576224,0.008604011620111374,0.009486315292831504,0.015948856900955377,0.0001930507247466462,0.01414286603943606,4,-91.41087219777658,-98.98684321728635,-98.80434084896272,-95.54296206579632,-95.6151078944919,-96.07202524486277,2.7632133979715094,4,-7.387127230109213,-7.794122318497047,-7.790179941962534,-7.714332868850994,-7.753764341797382,-7.687905340243435,0.15313094691539586,4,{'model__alpha': 100},0.1,,,,
ridge,grid,0.017543220520019533,0.003936578319009951,0.005613136291503906,0.001113782505431261,{'model__alpha': 1},-0.02071627737272519,-0.011998203747876302,0.008654933664016484,0.009509845209489609,0.015967958406561622,0.00028365123189324495,0.014092831366074924,3,-91.41071858652748,-98.95186447233631,-98.79926586475692,-95.54069241726003,-95.61325190099777,-96.0631586483757,2.7550495316781514,3,-7.387377017016924,-7.791384205543507,-7.790002673828634,-7.713895461869958,-7.7533430096750795,-7.68720047358682,0.15258053936732888,3,{'model__alpha': 100},1.0,,,,
ridge,grid,0.016287899017333983,0.0029163307719435325,0.005214023590087891,0.0008746493299100839,{'model__alpha': 10},-0.020639183039787623,-0.009214675963133745,0.009089402865673057,0.009685928709420089,0.01611236692246465,0.0010067678989272855,0.013724875583454055,2,-91.40381436786359,-98.67969475593685,-98.75596586799276,-95.52370775625633,-95.5992204800439,-95.99248064561868,2.694001857356775,2,-7.389089247277343,-7.770613441997485,-7.789431677908884,-7.712105691774437,-7.749777403627101,-7.68220349251705,0.14878880243831483,2,{'model__alpha': 100},10.0,,,,
ridge,grid,0.016783666610717774,0.003636880010733464,0.006139564514160156,0.001665904657130423,{'model__alpha': 100},-0.01805579941995994,-0.00017810253545880173,0.011090859417201115,0.0105667085354757,0.018176177374812807,0.004319968674414176,0.012631459791440055,1,-91.17245825225335,-97.79611039205356,-98.55649704057221,-95.4387495019602,-95.39869080182658,-95.67250119773318,2.5770970696138296,1,-7.384256953438325,-7.699592258125848,-7.785770552131857,-7.7109290507099715,-7.732580295246272,-7.662625821930455,0.14230052647434052,1,{'model__alpha': 100},100.0,,,,
random_forest,randomized,0.7656641960144043,0.27290316742107373,2.7399674892425536,0.43493866830076366,"{'model__n_estimators': 200, 'model__min_samples_leaf': 3, 'model__max_depth': 5}",-0.004751190854343834,0.003500716774307966,0.009079068866531648,0.0070863719931630875,0.018370643668663145,0.006657122089664402,0.007528202550337454,3,-89.98095787506152,-97.43640023801365,-98.75699577328335,-95.77445577979593,-95.37979552814213,-95.4657210388593,2.9967113034139263,3,-7.302869666606997,-7.66965191206351,-7.7427206152095325,-7.755333177177265,-7.7012068261398,-7.634356439439422,0.16850898540827403,3,"{'model__n_estimators': 400, 'model__min_samples_leaf': 3, 'model__max_depth': 5}",,200.0,3.0,5,
random_forest,randomized,0.7285805225372315,0.2481717416225712,2.7812458515167235,0.34835990813650347,"{'model__n_estimators': 200, 'model__min_samples_leaf': 5, 'model__max_depth': 10}",-0.017370422375790007,-0.007447495304944596,-0.003766563827529268,-0.004151077326552732,-0.0023197669566723533,-0.007011065158297791,0.005444655201795111,4,-91.11107899388438,-98.50690213600961,-100.03721506607943,-96.85839758761388,-97.3901746209325,-96.78075368090396,3.036668001518362,4,-7.3898580617843255,-7.723755138397629,-7.79020709352828,-7.817363479581329,-7.7538994932415894,-7.695016653306631,0.15584917141460275,4,"{'model__n_estimators': 400, 'model__min_samples_leaf': 3, 'model__max_depth': 5}",,200.0,5.0,10,
random_forest,randomized,2.230501651763916,1.004664302309357,1.5429792404174805,1.007784488136374,"{'model__n_estimators': 200, 'model__min_samples_leaf': 1, 'model__max_depth': None}",-0.04364535466499553,-0.020736407513015864,-0.02388745045303109,-0.011758331251308762,-0.02271449748969867,-0.02454840827440998,0.010455724513533741,15,-93.46414271454019,-99.80627463976302,-102.04249949695371,-97.59217803343651,-99.37182402408567,-98.45538378175581,2.8701839501056385,15,-7.536570453328702,-7.818780234694911,-7.9049220529293445,-7.888466137083822,-7.830663573092561,-7.795880490225867,0.13374462291022415,16,"{'model__n_estimators': 400, 'model__min_samples_leaf': 3, 'model__max_depth': 5}",,200.0,1.0,,
random_forest,randomized,2.996419382095337,0.7603734566576542,0.7762854099273682,0.761209289934885,"{'model__n_estimators': 200, 'model__min_samples_leaf': 1, 'model__max_depth': 20}",-0.04976289699215308,-0.021482802229686238,-0.02808792394408255,-0.009160008759483418,-0.022281028230763944,-0.026154932031233848,0.013317175465402696,16,-94.01200204872103,-99.87925614168003,-102.46112638207465,-97.34154906070852,-99.32970608107767,-98.60472794285239,2.8181758773882897,16,-7.544165832374348,-7.814350626654566,-7.905109174991483,-7.864708026445757,-7.846136347085705,-7.794894001510372,0.12875584303907628,15,"{'model__n_estimators': 400, 'model__min_samples_leaf': 3, 'model__max_depth': 5}",,200.0,1.0,20,
random_forest,randomized,3.530925178527832,0.10513697955900897,0.5102261066436767,0.35697918529696415,"{'model__n_estimators': 400, 'model__min_samples_leaf': 5, 'model__max_depth': 5}",-0.005985680752781608,0.0050328506856580635,0.011867419733807894,0.005314178970357686,0.018380189985185202,0.006921791724445447,0.008105670729485735,2,-90.09151318921255,-97.28659018243458,-98.47910361643986,-95.94539796198416,-95.37886796244531,-95.4362945825033,2.8813695644220347,2,-7.304357402249778,-7.659458603620725,-7.728706003697377,-7.763378296512963,-7.703800140690777,-7.631940089354323,0.1672550130644024,1,"{'model__n_estimators': 400, 'model__min_samples_leaf': 3, 'model__max_depth': 5}",,400.0,5.0,5,
random_forest,randomized,3.424410581588745,0.1253178514651363,0.47493581771850585,0.13686979134073549,"{'model__n_estimators': 400, 'model__min_samples_leaf': 3, 'model__max_depth': 5}",-0.00392706203526183,0.00400075221909435,0.011089272981972487,0.006303742920111377,0.0184027902969347,0.007173899276570217,0.007422607643948627,1,-89.90715263727883,-97.38750742438945,-98.55665514761411,-95.84994660944587,-95.37667200823955,-95.41558676539356,2.97616568904989,1,-7.299365812208061,-7.663191032691546,-7.738335007550876,-7.761103841284142,-7.702786980521701,-7.632956534851266,0.17005854338450932,2,"{'model__n_estimators': 400, 'model__min_samples_leaf': 3, 'model__max_depth': 5}",,400.0,3.0,5,
random_forest,randomized,2.684787654876709,1.2654274124420588,2.43102126121521,1.7418196872592688,"{'model__n_estimators': 400, 'model__min_samples_leaf': 1, 'model__max_depth': 10}",-0.032404489182473295,-0.009189021884458803,-0.004297964259105891,-0.0023961885534462546,-0.006065918237873502,-0.010870716423471549,0.010996692639127514,6,-92.45746180421253,-98.67718633358314,-100.09017540683547,-96.68912453862195,-97.75416856723606,-97.13362333009783,2.591251786736235,6,-7.423650164075544,-7.746959123567793,-7.812655990288728,-7.811363041820822,-7.787477264322952,-7.716421116815168,0.14830475158901013,7,"{'model__n_estimators': 400, 'model__min_samples_leaf': 3, 'model__max_depth': 5}",,400.0,1.0,10,
random_forest,randomized,4.702423143386841,0.7274602395972801,1.1676587104797362,0.9157343413547334,"{'model__n_estimators': 400, 'model__min_samples_leaf': 1, 'model__max_depth': None}",-0.04484361150064453,-0.017650519587805613,-0.020658257584043938,-0.013183323354177823,-0.025080361165255693,-0.02428321463838552,0.010988229206928015,14,-93.57145315998527,-99.50454054317929,-101.72067221841506,-97.72962991171997,-99.60170263577005,-98.42559969381394,2.7368575753355193,14,-7.504990405290042,-7.80758763727916,-7.890067639015498,-7.873424806470752,-7.832299539870641,-7.781674005585218,0.14139000313523548,14,"{'model__n_estimators': 400, 'model__min_samples_leaf': 3, 'model__max_depth': 5}",,400.0,1.0,,
random_forest,randomized,4.5145658493042,0.8246720926209364,1.3999137878417969,0.6198008083355266,"{'model__n_estimators': 400, 'model__min_samples_leaf': 3, 'model__max_depth': 20}",-0.04008876146554341,-0.022347828773137124,-0.015274843427540041,-0.009746548569398827,-0.01852577643725173,-0.021196751734574228,0.010310608804366125,11,-93.14563036464538,-99.96383730889508,-101.1841512989391,-97.3981255135875,-98.96482788554316,-98.13131447432204,2.784503881027295,11,-7.487650019765916,-7.812076157925916,-7.851808949074783,-7.858166209454987,-7.801804764853717,-7.762301220215065,0.13904897414860046,11,"{'model__n_estimators': 400, 'model__min_samples_leaf': 3, 'model__max_depth': 5}",,400.0,3.0,20,
random_forest,randomized,4.9728563785552975,0.8797191258760514,1.5389770984649658,0.9331060696089454,"{'model__n_estimators': 400, 'model__min_samples_leaf': 5, 'model__max_depth': None}",-0.027494107362281417,-0.01625638931020479,-0.011943424491072552,-0.011272795696934734,-0.013199932166860329,-0.016033329805470765,0.005980256355828031,8,-92.01771028788195,-99.36822430291815,-100.85213598319496,-97.54534424833149,-98.4473434253971,-97.64615164954473,3.0191155104307095,8,-7.4436150936034835,-7.786190603544502,-7.84197978512547,-7.8512677466249965,-7.791314183325471,-7.742873482444784,0.15188800710541714,8,"{'model__n_estimators': 400, 'model__min_samples_leaf': 3, 'model__max_depth': 5}",,400.0,5.0,,
random_forest,randomized,2.599884366989136,0.3723534413441075,2.3736048221588133,0.32379106493633153,"{'model__n_estimators': 200, 'model__min_samples_leaf': 3, 'model__max_depth': None}",-0.041082653608776054,-0.020214396127979928,-0.020367370741446456,-0.0154713306962313,-0.01961805783296544,-0.023350761801479835,0.009046280035236314,13,-93.23463883548534,-99.75523304736316,-101.69168190265692,-97.95032650790353,-99.07095916157971,-98.34056789099773,2.8279856396000413,13,-7.508116439947634,-7.800956108779619,-7.890679183356319,-7.890694766633173,-7.805652613699976,-7.779219822483344,0.14108015800613402,13,"{'model__n_estimators': 400, 'model__min_samples_leaf': 3, 'model__max_depth': 5}",,200.0,3.0,,
random_forest,randomized,2.8325767040252687,0.5693660225818286,1.9042404651641847,0.5549287727319974,"{'model__n_estimators': 200, 'model__min_samples_leaf': 1, 'model__max_depth': 10}",-0.03388264674642327,-0.00796729239702354,-0.004701403649349567,-0.00214746431918611,-0.006223526249517608,-0.01098446667230002,0.011607463431456135,7,-92.58983888891285,-98.55772721773211,-100.1303829157348,-96.66513309817478,-97.76948251422353,-97.14251292695562,2.5407881383389546,7,-7.43944091461151,-7.732013582397205,-7.805341172696852,-7.808641474820733,-7.785830815268955,-7.71425359195905,0.14011905194071123,6,"{'model__n_estimators': 400, 'model__min_samples_leaf': 3, 'model__max_depth': 5}",,200.0,1.0,10,
random_forest,randomized,4.2135396003723145,0.4722048991466689,0.5709941864013672,0.30643731096211446,"{'model__n_estimators': 400, 'model__min_samples_leaf': 3, 'model__max_depth': 10}",-0.024141470315575564,-0.012060074989784786,-0.0010270244756407365,-0.0017642019785473195,-0.0030018776831701732,-0.008398929888543715,0.008817305018122877,5,-91.71746332563302,-98.95791416167509,-99.76418755430235,-96.62816438200433,-97.4564517561886,-96.90483623596069,2.817114965296492,5,-7.404597581798768,-7.756033682128512,-7.793380349781885,-7.816603982432775,-7.759939986154506,-7.706111116459288,0.15239738440989864,5,"{'model__n_estimators': 400, 'model__min_samples_leaf': 3, 'model__max_depth': 5}",,400.0,3.0,10,
random_forest,randomized,4.063882064819336,0.032955465840699416,0.14026827812194825,0.029858298403083725,"{'model__n_estimators': 400, 'model__min_samples_leaf': 3, 'model__max_depth': None}",-0.03970606352318784,-0.02228767774757956,-0.01671462357634912,-0.011382397132848832,-0.019670304773444114,-0.02195221335068189,0.009588244892442086,12,-93.11135767331302,-99.95795582006754,-101.32764242684146,-97.55591618286967,-99.07603572379504,-98.20578156537735,2.8266217279573005,12,-7.48422920591179,-7.81747152955161,-7.859097484960242,-7.863340815282177,-7.804656339223383,-7.76575907498584,0.1426046963595836,12,"{'model__n_estimators': 400, 'model__min_samples_leaf': 3, 'model__max_depth': 5}",,400.0,3.0,,
random_forest,randomized,3.435481643676758,0.3659426822199472,0.6291927814483642,0.36804397895428076,"{'model__n_estimators': 200, 'model__min_samples_leaf': 5, 'model__max_depth': None}",-0.023371399691661576,-0.015786968414060798,-0.016950486410235,-0.012463871596807952,-0.018119892414788064,-0.01733852370551068,0.0035588273256775163,10,-91.64849929453561,-99.32232493993145,-101.3511489490647,-97.66023303914382,-98.92539025582983,-97.78151929570107,3.28796056422872,10,-7.441284929810652,-7.7777686304542755,-7.85485516912502,-7.864869225653293,-7.819778800597482,-7.7517113511281455,0.15818980643084946,10,"{'model__n_estimators': 400, 'model__min_samples_leaf': 3, 'model__max_depth': 5}",,200.0,5.0,,
random_forest,randomized,3.5710090160369874,0.11224882213350665,0.4403684616088867,0.08958427457696273,"{'model__n_estimators': 200, 'model__min_samples_leaf': 5, 'model__max_depth': 20}",-0.022513610212389956,-0.016344625532497048,-0.01613687286027221,-0.011955342120907098,-0.018499974746363446,-0.01709008509448595,0.003441869331097267,9,-91.57167956075219,-99.37685192565253,-101.27006273179923,-97.61118130651712,-98.96232087005373,-97.75841927895496,3.3074996711765823,9,-7.438221158140025,-7.779373921545092,-7.85179207619365,-7.861671407932643,-7.817407446977476,-7.749693202157777,0.15839463179501906,9,"{'model__n_estimators': 400, 'model__min_samples_leaf': 3, 'model__max_depth': 5}",,200.0,5.0,20,
gradient_boosting,randomized,0.5694574356079102,0.09308558975209227,0.007019424438476562,0.0006369494769999014,"{'model__n_estimators': 100, 'model__max_depth': 2, 'model__learning_rate': 0.03}",-0.0020832626701752233,0.010772131697384446,0.01420238621913017,0.012382286740403536,0.02435794143997927,0.01192629668534444,0.008456171142506786,1,-89.74203033186623,-96.72541077051689,-98.2463965778894,-95.2636224721785,-94.79804108741463,-94.95510024797314,2.8727193517819383,1,-7.3216740236793365,-7.611945203106301,-7.727889110026434,-7.713956550026022,-7.697493909450564,-7.614591759257732,0.1519145956898578,1,"{'model__n_estimators': 100, 'model__max_depth': 2, 'model__learning_rate': 0.03}",,100.0,,2,0.03
gradient_boosting,randomized,1.166657018661499,0.1910630777865818,0.012225914001464843,0.010184289621652548,"{'model__n_estimators': 200, 'model__max_depth': 2, 'model__learning_rate': 0.03}",-0.015653400909120707,0.004042230639137556,0.017594722207147084,0.008456524646738406,0.020172486810550505,0.006922512678890569,0.012726185307342047,2,-90.95731034183473,-97.3834517185755,-97.90831015716265,-95.64229360472855,-95.20471984469955,-95.41921713340018,2.451864025678422,2,-7.378409325465211,-7.654676545020743,-7.7112094875940835,-7.751388293934492,-7.733365563152328,-7.645809843033372,0.13760202188103926,3,"{'model__n_estimators': 100, 'model__max_depth': 2, 'model__learning_rate': 0.03}",,200.0,,2,0.03
gradient_boosting,randomized,0.7717058181762695,0.032583837993479525,0.008120012283325196,0.0009790441550011726,"{'model__n_estimators': 100, 'model__max_depth': 3, 'model__learning_rate': 0.05}",-0.03009726585845507,-0.00916363834476619,0.01464856943584969,0.0061762784916200575,-0.004116968246133501,-0.004510604904377003,0.015216874363113305,5,-92.25083735169477,-98.67470436417825,-98.20192914091915,-95.86224157239701,-97.56479927982858,-96.51090234180356,2.3332905561483823,5,-7.411345479593008,-7.698502012641594,-7.695244700340369,-7.774957970273297,-7.7859839773211315,-7.673206828033879,0.13621223170904465,4,"{'model__n_estimators': 100, 'model__max_depth': 2, 'model__learning_rate': 0.03}",,100.0,,3,0.05
gradient_boosting,randomized,2.6327506065368653,0.19092831413688557,0.010834789276123047,0.00180257847580378,"{'model__n_estimators': 200, 'model__max_depth': 5, 'model__learning_rate': 0.03}",-0.09488447901634989,-0.06037476611635029,-0.002220447849330398,-0.015465148049506938,-0.02902067256227947,-0.040393102718763396,0.033395998665639845,12,-98.05288620823427,-103.68206164600181,-99.88312631456893,-97.94973014220906,-99.98456210603888,-99.9104732834106,2.0749100797291318,12,-7.68182227892067,-7.961703588833034,-7.798031716398374,-7.876729859365918,-7.8661618398161295,-7.836889856666825,0.0933578612469217,12,"{'model__n_estimators': 100, 'model__max_depth': 2, 'model__learning_rate': 0.03}",,200.0,,5,0.03
gradient_boosting,randomized,1.8195233345031738,0.24528795968918873,0.008243131637573241,0.0008557243622102403,"{'model__n_estimators': 200, 'model__max_depth': 3, 'model__learning_rate': 0.03}",-0.03746240817881441,-0.011284027650009909,0.010280497199206429,0.0006373079197332654,-0.005671533701399056,-0.008700032882256736,0.016065923716824363,7,-92.9104260806303,-98.88203326494511,-98.63725922413593,-96.39651955704676,-97.71584828249135,-96.90841728184989,2.1809159661307915,7,-7.443922552443119,-7.72162844188465,-7.723170108007967,-7.79831565301106,-7.781261454480876,-7.693659641965534,0.128568031377958,5,"{'model__n_estimators': 100, 'model__max_depth': 2, 'model__learning_rate': 0.03}",,200.0,,3,0.03
gradient_boosting,randomized,1.1973344802856445,0.1338864805114786,0.007609748840332031,0.0011153830931140355,"{'model__n_estimators': 200, 'model__max_depth': 2, 'model__learning_rate': 0.1}",-0.07386750791111418,-0.0298593584019633,-0.004717388140731638,-0.028396164058028805,-0.024135295355985242,-0.03219514277356463,0.02270005411502714,11,-96.17070163468472,-100.69830487915247,-100.13197595943612,-99.19702999384073,-99.50987552906479,-99.14157759923577,1.5728389024852674,11,-7.592696969938715,-7.850662158665544,-7.838857693089088,-7.93164725991854,-7.883837676466182,-7.819540351615615,0.11789974659722319,11,"{'model__n_estimators': 100, 'model__max_depth': 2, 'model__learning_rate': 0.03}",,200.0,,2,0.1
gradient_boosting,randomized,1.5288264274597168,0.27980833364612656,0.006731271743774414,0.0004165450836346136,"{'model__n_estimators': 100, 'model__max_depth': 5, 'model__learning_rate': 0.1}",-0.1392802280100156,-0.10473429925508082,-0.040654701456837694,-0.033532997503179285,-0.061625419911484736,-0.07596552922731963,0.04022289460593467,15,-102.02876805479778,-108.01947894075951,-103.71355445652392,-99.69251863833475,-103.15259504571824,-103.32138302722686,2.7237438662740674,15,-7.873514997224531,-8.154096887418742,-7.969481132025023,-7.932770965287501,-8.031769766235568,-7.9923267496382735,0.09582314463760551,15,"{'model__n_estimators': 100, 'model__max_depth': 2, 'model__learning_rate': 0.03}",,100.0,,5,0.1
gradient_boosting,randomized,1.6546664237976074,0.2908820369434709,0.007929515838623048,0.0013109009163459078,"{'model__n_estimators': 200, 'model__max_depth': 3, 'model__learning_rate': 0.1}",-0.12666021117900228,-0.06660113533594725,-0.034564634864502564,-0.05544808084241559,-0.07506754914664193,-0.07166832227370193,0.03066306841663946,14,-100.89857660721323,-104.2908679076044,-103.10660726041384,-101.80640359366318,-104.45869650819265,-102.91223037541745,1.3861915948269303,14,-7.824162424363671,-7.9601625806808585,-7.928775949491598,-8.027520027216275,-8.064061356911772,-7.960936467732834,0.08343877987592689,14,"{'model__n_estimators': 100, 'model__max_depth': 2, 'model__learning_rate': 0.03}",,200.0,,3,0.1
gradient_boosting,randomized,2.546653175354004,0.14223656382376523,0.00738835334777832,0.001482766129086271,"{'model__n_estimators': 200, 'model__max_depth': 5, 'model__learning_rate': 0.05}",-0.12993622214952416,-0.08587062137644508,-0.024961389162738268,-0.033868193999440965,-0.059057055643229495,-0.06673869646627559,0.038065151377457807,13,-101.19196128574853,-106.17501312057946,-102.14953019666251,-99.72485101962477,-102.90304050950968,-102.42887922642498,2.1530498596584913,13,-7.838945197845378,-8.029310960278645,-7.910332457494218,-7.939108090796401,-8.00695124165355,-7.944929589613639,0.0684550125774889,13,"{'model__n_estimators': 100, 'model__max_depth': 2, 'model__learning_rate': 0.03}",,200.0,,5,0.05
gradient_boosting,randomized,0.8767727851867676,0.1484533564041904,0.007317495346069336,0.001247341344991923,"{'model__n_estimators': 100, 'model__max_depth': 3, 'model__learning_rate': 0.03}",-0.011769102038258428,0.0013307155244592916,0.015635453245465003,0.009543118281713503,0.011476521062021572,0.005243341215080188,0.009696065918939538,3,-90.60945015888134,-97.648580130018,-98.10357449207405,-95.53748296349238,-96.04966139994626,-95.5897498288824,2.667423173310657,3,-7.344837297201413,-7.647019880239833,-7.700405681057784,-7.744439981182038,-7.731169737737586,-7.633574515483732,0.14821089206809598,2,"{'model__n_estimators': 100, 'model__max_depth': 2, 'model__learning_rate': 0.03}",,100.0,,3,0.03
gradient_boosting,randomized,1.7661719799041748,0.2140372054573993,0.007027816772460937,0.0008909960417138658,"{'model__n_estimators': 200, 'model__max_depth': 3, 'model__learning_rate': 0.05}",-0.06210162688191545,-0.024166406395366602,0.0013816247107029112,-0.014076717998998234,-0.029663500296184475,-0.02572532537235237,0.021031650235613746,9,-95.11700271410807,-100.14165545693213,-99.52413716275095,-97.81580496611622,-100.04702231815887,-98.52912452361325,1.8997747188363752,9,-7.532949179263232,-7.765781841999931,-7.782639545901179,-7.855562612993483,-7.886655442298004,-7.764717724491166,0.12422607083598515,9,"{'model__n_estimators': 100, 'model__max_depth': 2, 'model__learning_rate': 0.03}",,200.0,,3,0.05
gradient_boosting,randomized,2.351084089279175,0.10981176450699086,0.00532064437866211,0.0006788908248140209,"{'model__n_estimators': 200, 'model__max_depth': 5, 'model__learning_rate': 0.1}",-0.20268891123483534,-0.1629470919814473,-0.09261290554474311,-0.08930099929582336,-0.10962329293585693,-0.1314346401985412,0.044335790068399904,16,-107.70736202522558,-113.71144988999917,-108.8918042848198,-105.07178816486842,-107.81629757796514,-108.63974038857563,2.830669320852093,16,-8.159466588604166,-8.3935261505934,-8.252038824353724,-8.1291097613956,-8.262435376988183,-8.239315340387014,0.09273455658309057,16,"{'model__n_estimators': 100, 'model__max_depth': 2, 'model__learning_rate': 0.03}",,200.0,,5,0.1
gradient_boosting,randomized,1.3368862628936768,0.13914784502570093,0.008532094955444335,0.00031081036056959346,"{'model__n_estimators': 100, 'model__max_depth': 5, 'model__learning_rate': 0.03}",-0.049446430980173206,-0.02937151782392644,0.006229652708146571,-0.006415422680255745,-0.0024020704703477946,-0.016281157849311324,0.020337115109878675,8,-93.98366078856425,-100.65060446369398,-99.04097380893558,-97.07681179589073,-97.3981716233194,-97.63004449608079,2.225778499129891,8,-7.514492120154987,-7.818689694039129,-7.744963698752935,-7.824642292918628,-7.742903071204606,-7.729138175414057,0.11283027920885183,8,"{'model__n_estimators': 100, 'model__max_depth': 2, 'model__learning_rate': 0.03}",,100.0,,5,0.03
gradient_boosting,randomized,0.5751114845275879,0.10898104437760031,0.007226085662841797,0.0006774616262263885,"{'model__n_estimators': 100, 'model__max_depth': 2, 'model__learning_rate': 0.1}",-0.03974640826715925,-0.007086250437200459,0.014721093672495744,-0.004710846449857975,0.008455439345598226,-0.005673394427224743,0.01886505776020699,6,-93.1149707655301,-98.47158008399215,-98.19470124260064,-96.91239179379123,-96.34320412513856,-96.60736960221054,1.9159631535104318,6,-7.4639269110123765,-7.72026599756422,-7.749145716051554,-7.813937713841103,-7.768980242257442,-7.703251316145338,0.12348581828007536,7,"{'model__n_estimators': 100, 'model__max_depth': 2, 'model__learning_rate': 0.03}",,100.0,,2,0.1
gradient_boosting,randomized,1.1172472953796386,0.0928156895582456,0.0065230846405029295,0.001756256423650404,"{'model__n_estimators': 200, 'model__max_depth': 2, 'model__learning_rate': 0.05}",-0.04151024339260623,-0.0017694819002394002,0.013935425351095265,-0.0022458035848533786,0.01110678584374758,-0.004096663536571232,0.01982381657141673,4,-93.27293183645597,-97.95171339079866,-98.27300238718036,-96.67461870637413,-96.08558663923446,-96.45157059200872,1.7807572127909892,4,-7.480865895011242,-7.696191132122701,-7.747177393156366,-7.823834947264312,-7.75231470884649,-7.700076815280222,0.11690326196601428,6,"{'model__n_estimators': 100, 'model__max_depth': 2, 'model__learning_rate': 0.03}",,200.0,,2,0.05
gradient_boosting,randomized,1.1140336990356445,0.01608990694206342,0.005611276626586914,0.0011589061181896435,"{'model__n_estimators': 100, 'model__max_depth': 5, 'model__learning_rate': 0.05}",-0.08156947181003238,-0.03874888170089941,-0.004078143418941638,-0.007951046364500503,-0.02387873034863186,-0.03124525472860116,0.02801345749549907,10,-96.86045457596217,-101.56751087323657,-100.06826765910212,-97.22493497447611,-99.48494644785588,-99.04122290612656,1.77135511738168,10,-7.623038702207992,-7.857908432641908,-7.813336932574166,-7.869857452403981,-7.817072981098557,-7.796242900185321,0.08938403951784751,10,"{'model__n_estimators': 100, 'model__max_depth': 2, 'model__learning_rate': 0.03}",,100.0,,5,0.05
