item_id,caption,current_type,decision,source_file,analytical_question,evidence_used,concrete_conclusion,body_reference_found,revision_note
Table1,Raw Dataset Preview,table,keep,native Word table from raw CSV,Does the report start from raw data?,raw CSV preview,"The raw table contains behavior, lifestyle, and target fields in one structured dataset.",True,Converted to continuous analysis paragraph and explicit body reference.
Table2,Dataset Fields,table,keep,native Word table from raw CSV,"Which fields are inputs, background fields, or targets?",field dtype and role mapping,Target and outcome-style fields can be separated before modeling.,True,Converted to continuous analysis paragraph and explicit body reference.
Table3,Missing Value Check,table,keep,native Word table from raw CSV,Are missing values present?,missing counts by column,All 24 fields contain zero missing values.,True,Converted to continuous analysis paragraph and explicit body reference.
Table4,Duplicate Check,table,keep,native Word table from raw CSV,Are duplicated records present?,duplicate row/id counts,"All 3,500 records can be retained.",True,Converted to continuous analysis paragraph and explicit body reference.
Table5,Range and Rationality Check,table,keep,native Word table from raw CSV,Are key numeric ranges reasonable?,min/max/mean by field,Wide but interpretable ranges support later modeling without deletion.,True,Converted to continuous analysis paragraph and explicit body reference.
Table6,Engineered Features Preview,table,keep,native Word table from processed CSV,Were engineered features generated correctly?,processed feature preview,Behavior-intensity variables are available for modeling.,True,Converted to continuous analysis paragraph and explicit body reference.
Table7,Feature Selection and Leakage Control,table,keep,native Word table,Which fields are excluded for each task?,task-specific exclusion rules,Outcome-style fields are controlled before modeling.,True,Converted to continuous analysis paragraph and explicit body reference.
Table8,PCA Explained Variance,table,keep,results/pca_explained_variance.csv,How much variance does PCA summarize?,explained variance ratios,"PC1+PC2 explain 42.41%, so PCA is auxiliary.",True,Converted to continuous analysis paragraph and explicit body reference.
Table9,Descriptive Statistical Summary,table,keep,native Word table from raw CSV,What are the variable ranges and scales?,descriptive statistics,Different scales explain why scaling is needed for PCA and clustering.,True,Converted to continuous analysis paragraph and explicit body reference.
Fig1,High Risk vs No Risk Sample Structure,figure,revise,figures/final_report/fig1_high_risk_no_risk_distribution.png,Is the classification target imbalanced?,class counts and ratios,"High Risk is 20.14%, so Accuracy alone can be misleading.",True,Converted to continuous analysis paragraph and explicit body reference.
Fig2,Core Digital Lifestyle Feature Distributions,figure,revise,figures/final_report/fig2_core_numeric_distributions.png,How are core numeric variables distributed?,histograms and ranges,Notification and unlock variables have wider ranges than sleep variables.,True,Converted to continuous analysis paragraph and explicit body reference.
Fig3,Correlation Structure of Digital Lifestyle Variables,figure,revise,figures/final_report/fig3_correlation_heatmap.png,Which variables are correlated with outcomes?,correlation matrix,digital_dependence_score has stronger behavior correlations than productivity_score.,True,Converted to continuous analysis paragraph and explicit body reference.
Fig4,Behavioral Difference Between High Risk and No Risk Groups,figure,replace,figures/final_report/fig4_high_vs_no_risk_boxplots.png,Which behaviors differ by risk group?,results/high_risk_group_comparison.csv,"Device hours, digital dependence, and lower sleep hours show the largest group differences, but distributions overlap.",True,Converted to continuous analysis paragraph and explicit body reference.
Fig5,Classification Model Comparison at the Default Threshold,figure,replace,figures/final_report/fig5_classification_model_comparison.png,Which classifier works best before threshold tuning?,classification_tuned_metrics.csv,"Random Forest is stronger on default Recall/F1, while Gradient Boosting has a slight PR-AUC/ROC-AUC edge.",True,Converted to continuous analysis paragraph and explicit body reference.
Fig6,Threshold Tuning for Recall-Oriented Screening,figure,revise,figures/final_report/fig6_threshold_tuning.png,Why was threshold=0.14 selected?,classification_threshold_tuning.csv,The selected threshold preserves recall for screening rather than maximizing overall correctness.,True,Converted to continuous analysis paragraph and explicit body reference.
Fig7,Confusion Matrix of the Final High Risk Classifier,figure,revise,figures/final_report/fig7_confusion_matrix.png,What errors does the final classifier make?,classification_final_confusion_matrix.csv,"The model finds 113 High Risk samples and misses 63, with 133 false alarms.",True,Converted to continuous analysis paragraph and explicit body reference.
Fig8,Precision-Recall Curve under Class Imbalance,figure,revise,figures/final_report/fig8_precision_recall_curve.png,Is PR-AUC above the positive-class baseline?,test split and classification_tuned_metrics.csv,PR-AUC=0.5084 is above the 20.11% baseline but not high enough for precise individual decisions.,True,Converted to continuous analysis paragraph and explicit body reference.
Fig9,Digital Dependence Observed vs Predicted Scores,figure,revise,figures/final_report/fig9_digital_dependence_observed_predicted.png,How well is digital dependence predicted?,regression_digital_dependence_predictions.csv,"Predictions align closely with observed scores, consistent with R2=0.9839.",True,Converted to continuous analysis paragraph and explicit body reference.
Fig10,Productivity Weak Prediction Observed vs Predicted Scores,figure,revise,figures/final_report/fig10_productivity_observed_predicted.png,Does the feature set predict productivity?,regression_productivity_predictions.csv,Predictions concentrate near the mean and R2=-0.0041 indicates weak prediction.,True,Converted to continuous analysis paragraph and explicit body reference.
Fig11,Regression R2 Comparison by Target,figure,replace,figures/final_report/fig11_regression_r2_comparison.png,Do both regression targets behave the same?,regression metrics CSV files,"digital_dependence_score is strongly predicted, but productivity_score is not.",True,Converted to continuous analysis paragraph and explicit body reference.
Fig12,K Selection by Inertia and Silhouette,figure,replace,figures/final_report/fig12_clustering_k_selection_comparison.png,Which k and clustering method are reasonable?,clustering_model_comparison.csv,"KMeans k=3 is readable and has the best KMeans silhouette, but 0.1860 is low.",True,Converted to continuous analysis paragraph and explicit body reference.
Fig13,Three Digital Lifestyle Cluster Profiles,figure,revise,figures/final_report/fig13_cluster_profile_heatmap.png,What does each cluster represent?,clustering_lifestyle_profiles_compact.csv,"The profiles differ in social media time, device hours, sleep quality, High Risk ratio, and digital dependence.",True,Converted to continuous analysis paragraph and explicit body reference.
Fig14,PCA Explained Variance for Dimensionality Reduction,figure,revise,figures/final_report/fig14_pca_explained_variance.png,How much structure does PCA preserve?,pca_explained_variance.csv,"PC1+PC2 explain 42.41%, so the 2D view is only partial.",True,Converted to continuous analysis paragraph and explicit body reference.
